,date,AK_cases,AL_cases,AR_cases,AZ_cases,CA_cases,CO_cases,CT_cases,DC_cases,DE_cases,FL_cases,GA_cases,HI_cases,IA_cases,ID_cases,IL_cases,IN_cases,KS_cases,KY_cases,LA_cases,MA_cases,MD_cases,ME_cases,MI_cases,MN_cases,MO_cases,MS_cases,MT_cases,NC_cases,ND_cases,NE_cases,NH_cases,NJ_cases,NM_cases,NV_cases,NY_cases,OH_cases,OK_cases,OR_cases,PA_cases,RI_cases,SC_cases,SD_cases,TN_cases,TX_cases,UT_cases,VA_cases,VT_cases,WA_cases,WI_cases,WV_cases,WY_cases,AK_deaths,AL_deaths,AR_deaths,AZ_deaths,CA_deaths,CO_deaths,CT_deaths,DC_deaths,DE_deaths,FL_deaths,GA_deaths,HI_deaths,IA_deaths,ID_deaths,IL_deaths,IN_deaths,KS_deaths,KY_deaths,LA_deaths,MA_deaths,MD_deaths,ME_deaths,MI_deaths,MN_deaths,MO_deaths,MS_deaths,MT_deaths,NC_deaths,ND_deaths,NE_deaths,NH_deaths,NJ_deaths,NM_deaths,NV_deaths,NY_deaths,OH_deaths,OK_deaths,OR_deaths,PA_deaths,RI_deaths,SC_deaths,SD_deaths,TN_deaths,TX_deaths,UT_deaths,VA_deaths,VT_deaths,WA_deaths,WI_deaths,WV_deaths,WY_deaths,AK,AL,AR,AZ,CA,CO,CT,DC,DE,FL,GA,HI,IA,ID,IL,IN,KS,KY,LA,MA,MD,ME,MI,MN,MO,MS,MT,NC,ND,NE,NH,NJ,NM,NV,NY,OH,OK,OR,PA,RI,SC,SD,TN,TX,UT,VA,VT,WA,WI,WV,WY,AK_100k,AK_over_15_100k,AK_delta_100k,AL_100k,AL_over_15_100k,AL_delta_100k,AR_100k,AR_over_15_100k,AR_delta_100k,AZ_100k,AZ_over_15_100k,AZ_delta_100k,CA_100k,CA_over_15_100k,CA_delta_100k,CO_100k,CO_over_15_100k,CO_delta_100k,CT_100k,CT_over_15_100k,CT_delta_100k,DC_100k,DC_over_15_100k,DC_delta_100k,DE_100k,DE_over_15_100k,DE_delta_100k,FL_100k,FL_over_15_100k,FL_delta_100k,GA_100k,GA_over_15_100k,GA_delta_100k,HI_100k,HI_over_15_100k,HI_delta_100k,IA_100k,IA_over_15_100k,IA_delta_100k,ID_100k,ID_over_15_100k,ID_delta_100k,IL_100k,IL_over_15_100k,IL_delta_100k,IN_100k,IN_over_15_100k,IN_delta_100k,KS_100k,KS_over_15_100k,KS_delta_100k,KY_100k,KY_over_15_100k,KY_delta_100k,LA_100k,LA_over_15_100k,LA_delta_100k,MA_100k,MA_over_15_100k,MA_delta_100k,MD_100k,MD_over_15_100k,MD_delta_100k,ME_100k,ME_over_15_100k,ME_delta_100k,MI_100k,MI_over_15_100k,MI_delta_100k,MN_100k,MN_over_15_100k,MN_delta_100k,MO_100k,MO_over_15_100k,MO_delta_100k,MS_100k,MS_over_15_100k,MS_delta_100k,MT_100k,MT_over_15_100k,MT_delta_100k,NC_100k,NC_over_15_100k,NC_delta_100k,ND_100k,ND_over_15_100k,ND_delta_100k,NE_100k,NE_over_15_100k,NE_delta_100k,NH_100k,NH_over_15_100k,NH_delta_100k,NJ_100k,NJ_over_15_100k,NJ_delta_100k,NM_100k,NM_over_15_100k,NM_delta_100k,NV_100k,NV_over_15_100k,NV_delta_100k,NY_100k,NY_over_15_100k,NY_delta_100k,OH_100k,OH_over_15_100k,OH_delta_100k,OK_100k,OK_over_15_100k,OK_delta_100k,OR_100k,OR_over_15_100k,OR_delta_100k,PA_100k,PA_over_15_100k,PA_delta_100k,RI_100k,RI_over_15_100k,RI_delta_100k,SC_100k,SC_over_15_100k,SC_delta_100k,SD_100k,SD_over_15_100k,SD_delta_100k,TN_100k,TN_over_15_100k,TN_delta_100k,TX_100k,TX_over_15_100k,TX_delta_100k,UT_100k,UT_over_15_100k,UT_delta_100k,VA_100k,VA_over_15_100k,VA_delta_100k,VT_100k,VT_over_15_100k,VT_delta_100k,WA_100k,WA_over_15_100k,WA_delta_100k,WI_100k,WI_over_15_100k,WI_delta_100k,WV_100k,WV_over_15_100k,WV_delta_100k,WY_100k,WY_over_15_100k,WY_delta_100k
0,2020-03-15,0.02,0.07,0.08,0.01,0.13,0.25,0.1,0.28,0.1,0.06,0.12,0.05,0.09,0.04,0.1,0.04,0.03,0.05,0.32,0.28,0.06,0.13,0.08,0.08,0.01,0.05,0.08,0.03,0.02,0.11,0.08,0.15,0.12,0.1,0.46,0.05,0.02,0.09,0.07,0.23,0.06,0.15,0.08,0.03,0.09,0.07,0.14,1.0,0.05,,0.07,0.0,0.0,0.0,0.0,0.0,0.0,0.0,0.0,0.0,0.0,0.0,0.0,0.0,0.0,0.0,0.0,0.0,0.0,0.01,0.0,0.0,0.0,0.0,0.0,0.0,0.0,0.0,0.0,0.0,0.0,0.0,0.0,0.0,0.0,0.0,0.0,0.0,0.0,0.0,0.0,0.0,0.02,0.0,0.0,0.0,0.0,0.0,0.04,0.0,,0.0,,5486.0,,5513.0,5446.0,,,,,,5536.0,5493.0,5498.0,,5494.0,5462.0,5463.0,5523.0,5499.0,,5473.0,5471.0,5486.0,5520.0,5513.0,5491.0,5458.0,5507.0,5521.0,5471.0,,5561.0,,5522.0,,5507.0,5504.0,5481.0,5517.0,5521.0,5489.0,,,5462.0,,5467.0,,5490.0,5513.0,5480.0,5470.0,,0,0.0,109.1897961876719,1,0.0,,0,0.0,77.0887010868486,1,0.0,13.774013060728603,0,0.0,,0,0.0,,0,0.0,,0,0.0,,0,0.0,,0,0.0,51.68080233698796,1,0.0,377.45547049312466,1,0.0,172.331162946982,1,0.0,,0,0.0,42.87997322616306,1,0.0,80.49484137417163,1,0.0,185.9504132231405,1,0.0,122.57436799741491,1,0.0,118.06111825928231,1,0.0,,0,0.0,88.59966871850527,1,0.0,401.5828427015199,1,0.0,54.43901763274423,1,0.0,96.73189878058226,1,0.0,89.57072179574268,1,0.0,185.42663491011822,1,0.0,503.4010468306855,1,0.0,52.75213451209975,1,0.0,708.6436296518777,1,0.0,278.91862570762027,1,0.0,,0,0.0,59.866547443135396,1,0.0,,0,0.0,177.86430132699266,1,0.0,,0,0.0,46.67167481055046,1,0.0,139.0126114039339,1,0.0,129.3525810099744,1,0.0,42.42964922669907,1,0.0,503.10785972758725,1,0.0,107.24002012337779,1,0.0,,0,0.0,,0,0.0,18.740454145502024,1,0.0,,0,0.0,63.33855960445783,1,0.0,,0,0.0,71.24983501575089,1,0.0,93.54027457710058,1,0.0,305.51101735168777,1,0.0,948.2518015917456,1,0.0
1,2020-03-22,0.29,0.39,0.71,0.27,0.5,1.13,1.21,1.64,0.72,0.59,0.7,0.49,0.31,0.29,1.07,0.39,0.28,0.26,2.26,1.0,0.5,0.82,1.4,0.34,0.25,0.95,0.33,0.32,0.35,0.23,0.68,2.92,0.33,0.76,10.62,0.38,0.21,0.41,0.49,0.66,0.46,0.15,0.81,0.28,0.68,0.29,1.01,2.19,0.86,0.13,0.5,0.0,0.0,0.0,0.0,0.01,0.01,0.01,0.02,0.0,0.01,0.02,0.0,0.0,0.0,0.0,0.01,0.0,0.0,0.06,0.01,0.0,0.0,0.01,0.0,0.0,0.0,0.0,0.0,0.0,0.0,0.0,0.03,0.0,0.0,0.1,0.0,0.0,0.01,0.0,0.0,0.0,0.02,0.0,0.0,0.0,0.01,0.02,0.1,0.01,0.0,0.0,,7235.0,7253.0,7308.0,7267.0,6100.0,,,,7239.0,7303.0,7271.0,7284.0,7233.0,7250.0,7185.0,7195.0,7207.0,7250.0,,7281.0,7213.0,7190.0,7310.0,7251.0,7225.0,7216.0,7284.0,7217.0,7181.0,,7296.0,7262.0,7227.0,7275.0,7216.0,7268.0,7224.0,7224.0,7224.0,7261.0,,7235.0,7261.0,5931.0,7232.0,,7274.0,7235.0,7273.0,7266.0,,0,0.0,144.0007611042301,1,0.0,240.84151413038714,1,0.0,102.18832351581528,1,0.0,18.379682870421362,1,0.0,105.6512324649264,1,0.0,,0,0.0,,0,0.0,,0,0.0,33.61007126551552,1,0.0,68.17646305401428,1,0.0,499.63202729938274,1,0.0,228.31214821859166,1,0.0,393.2889132002179,1,0.0,56.58533052233021,1,0.0,105.8871174063389,1,0.0,244.90448895121654,1,0.0,159.94812061513113,1,0.0,155.65432030911015,1,0.0,,0,0.0,117.86847943348015,1,0.0,529.4492861279589,1,0.0,71.34825679537568,1,0.0,128.099670305445,1,0.0,117.80832645400513,1,0.0,243.98241435541874,1,0.0,665.5445133620789,1,0.0,69.77420515455503,1,0.0,926.3323809450463,1,0.0,366.09662789369787,1,0.0,,0,0.0,78.54456575168419,1,0.0,342.9480307642612,1,0.0,232.78256169688083,1,0.0,36.01262476394405,1,0.0,61.15540320191249,1,0.0,183.56534514603777,1,0.0,170.48769297866355,1,0.0,55.557691863997476,1,0.0,658.2958121123148,1,0.0,141.8600448380117,1,0.0,,0,0.0,104.69060201075413,1,0.0,24.91293254311428,1,0.0,181.2865568575285,1,0.0,83.78717085411358,1,0.0,,0,0.0,94.40278686786374,1,0.0,122.7578245175626,1,0.0,405.4711002187637,1,0.0,1259.5973656975546,1,0.0
2,2020-03-29,1.8,1.96,1.34,1.52,1.62,4.28,6.68,4.94,2.58,2.62,2.76,1.2,1.11,2.1,4.02,2.8,1.31,1.07,8.3,8.93,2.36,1.74,6.37,0.84,1.8,2.65,1.7,1.22,1.26,0.56,1.89,18.45,1.17,3.39,32.75,1.61,1.31,1.31,3.28,2.85,1.61,1.11,2.4,1.03,2.39,1.12,4.19,5.73,1.81,0.86,1.53,0.04,0.01,0.01,0.03,0.04,0.1,0.1,0.07,0.09,0.03,0.08,0.0,0.02,0.02,0.07,0.07,0.02,0.02,0.41,0.09,0.02,0.03,0.18,0.02,0.02,0.04,0.01,0.0,0.02,0.01,0.02,0.23,0.01,0.05,0.76,0.03,0.05,0.03,0.04,0.02,0.03,0.0,0.01,0.01,0.0,0.03,0.18,0.21,0.03,0.0,0.0,,9122.0,9185.0,9104.0,9131.0,7686.0,9165.0,,,9180.0,9101.0,9135.0,9091.0,9160.0,9119.0,9188.0,9154.0,9161.0,9149.0,,9247.0,9121.0,9164.0,9116.0,9143.0,9186.0,9126.0,9160.0,9237.0,9163.0,,9171.0,9154.0,9201.0,9218.0,9117.0,9175.0,9176.0,9181.0,9109.0,9087.0,,9131.0,9183.0,3007.0,9158.0,9131.0,9175.0,9177.0,9146.0,9208.0,,0,0.0,181.55838877578256,1,0.0,304.99507890357177,1,0.0,127.30192902134405,1,0.0,23.09410820005745,1,0.0,133.12055290580724,1,0.0,254.16368085583136,1,0.0,,0,0.0,,0,0.0,42.62197184934832,1,0.0,84.96152132747966,1,0.0,627.7181363471133,1,0.0,284.9513645600243,1,0.0,498.06808307949626,1,0.0,71.17263848732817,1,0.0,135.4058225093169,1,0.0,311.585224719866,1,0.0,203.31410197796814,1,0.0,196.42501744938608,1,0.0,,0,0.0,149.695073385715,1,0.0,669.5004767465845,1,0.0,90.93677681124099,1,0.0,159.74782414561375,1,0.0,148.5479973478098,1,0.0,310.2038004524397,1,0.0,841.7072102192811,1,0.0,87.74460725092314,1,0.0,1185.6078984050705,1,0.0,467.14154036902295,1,0.0,,0,0.0,98.7297440390208,1,0.0,432.2977518061206,1,0.0,296.3653452570915,1,0.0,45.63084193457543,1,0.0,77.26632635696178,1,0.0,231.7297800928586,1,0.0,216.555242354958,1,0.0,70.60841209902559,1,0.0,830.0687365076241,1,0.0,177.53508159248204,1,0.0,,0,0.0,132.1257618466062,1,0.0,31.507431420385405,1,0.0,91.91176470588235,1,0.0,106.101066189432,1,0.0,1419.8921746540461,1,0.0,119.07417782686966,1,0.0,155.70816248758425,1,0.0,509.8911979376891,1,0.0,1596.2527585112966,1,0.0
3,2020-04-05,1.35,2.94,1.91,2.63,3.21,6.54,14.75,13.28,6.47,4.92,5.44,1.96,2.41,6.32,7.51,6.19,2.14,1.95,29.12,15.64,5.59,2.31,14.51,1.09,3.41,4.22,1.83,1.93,2.06,1.77,4.32,38.79,2.64,4.45,47.22,2.91,2.97,1.76,9.09,8.47,3.53,2.42,4.12,2.17,4.01,2.92,6.34,5.79,2.81,1.6,2.76,0.04,0.12,0.05,0.09,0.08,0.23,0.62,0.34,0.18,0.11,0.18,0.02,0.08,0.05,0.24,0.24,0.08,0.1,1.0,0.38,0.13,0.08,0.69,0.05,0.09,0.14,0.06,0.04,0.06,0.04,0.06,1.22,0.06,0.15,3.05,0.11,0.11,0.04,0.13,0.3,0.08,0.01,0.09,0.05,0.02,0.07,0.2,0.25,0.12,0.02,0.0,11252.0,11292.0,11304.0,11273.0,11214.0,11225.0,11296.0,11235.0,11273.0,11322.0,11247.0,11286.0,11322.0,11261.0,11328.0,11243.0,11231.0,11281.0,11235.0,11273.0,11236.0,11229.0,11276.0,11241.0,11216.0,11257.0,11287.0,11270.0,11224.0,11230.0,11304.0,11228.0,11231.0,11207.0,11282.0,11231.0,11263.0,11278.0,11273.0,11288.0,11270.0,11244.0,11242.0,11304.0,11274.0,11300.0,11298.0,11308.0,11247.0,11215.0,11358.0,1534.242989074041,1,0.0,224.74866543040307,1,0.0,375.35812432509255,1,0.0,157.63122208453552,1,0.0,28.362427921963008,1,0.0,194.41558760963915,1,0.0,313.2605498033247,1,0.0,1629.3352863119885,1,0.0,1138.7466816438844,1,0.0,52.56709861419627,1,0.0,104.99530055709963,1,0.0,775.5256581076651,1,0.0,354.88057964454896,1,0.0,612.3083715674899,1,0.0,88.41360333199403,1,0.0,165.69086443973114,1,0.0,382.2824621836154,1,0.0,250.36419434706457,1,0.0,241.21052257556588,1,0.0,160.35751204459453,1,0.0,181.8940028724877,1,0.0,824.2320856690491,1,0.0,111.8947070409814,1,0.0,196.9861003971966,1,0.0,182.228408427544,1,0.0,380.1397977022766,1,0.0,1041.0200834697596,1,0.0,107.95652005653972,1,0.0,1440.6477267184705,1,0.0,572.5198623097378,1,0.0,820.5997841061786,1,0.0,120.87423029878154,1,0.0,530.3840999054555,1,0.0,360.97885276559344,1,0.0,55.84803197069647,1,0.0,95.1824187029766,1,0.0,284.46566901208354,1,0.0,266.1628185788161,1,0.0,86.69737823682773,1,0.0,1028.6327695354112,1,0.0,220.18492016587132,1,0.0,1268.1198240151036,1,0.0,162.67197619970943,1,0.0,38.78471139889324,1,0.0,344.60034429468493,1,0.0,130.91745445955246,1,0.0,1756.8658185567201,1,0.0,146.7564907756122,1,0.0,190.83030440207693,1,0.0,625.2383320436458,1,0.0,1968.9659894842862,1,0.0
4,2020-04-12,1.7,5.08,2.02,2.49,2.94,5.84,25.48,17.75,13.97,5.0,7.87,1.29,3.26,2.85,10.8,7.54,2.79,2.93,23.3,26.89,10.91,1.73,12.68,1.74,4.17,5.49,1.19,2.64,1.89,3.16,3.32,39.16,4.23,4.55,49.45,3.13,2.6,1.55,12.68,23.5,3.52,7.9,3.36,3.28,3.06,4.41,4.92,4.56,2.64,2.31,2.52,0.06,0.14,0.05,0.1,0.12,0.37,1.46,0.57,0.24,0.16,0.29,0.05,0.09,0.12,0.5,0.54,0.16,0.17,1.12,1.09,0.4,0.1,1.25,0.1,0.17,0.25,0.06,0.08,0.05,0.08,0.15,2.3,0.1,0.27,4.98,0.16,0.18,0.08,0.41,0.51,0.11,0.04,0.13,0.07,0.04,0.16,0.09,0.31,0.18,0.04,0.0,13382.0,13446.0,13492.0,13422.0,13438.0,13461.0,13440.0,13458.0,13454.0,13506.0,13424.0,13411.0,13443.0,13508.0,13466.0,13481.0,13456.0,13476.0,13465.0,13463.0,13436.0,13463.0,13452.0,13383.0,13415.0,13521.0,13407.0,13380.0,13537.0,13474.0,13438.0,13435.0,13451.0,13505.0,13473.0,13414.0,13433.0,13454.0,13413.0,13512.0,13468.0,13395.0,13491.0,13513.0,13420.0,13449.0,13481.0,13477.0,13470.0,13431.0,13486.0,1824.6746960352664,1,0.0,267.6204884322706,1,0.0,448.0123684885128,1,0.0,187.68085361648502,1,0.0,33.987364581357134,1,0.0,233.14282626399574,1,0.0,372.7179346101881,1,0.0,1951.721787555562,1,0.0,1359.0612840270398,1,0.0,62.70722786462946,1,0.0,125.31847734315866,1,0.0,921.5465710510276,1,0.0,421.36191769666766,1,0.0,734.4872998076239,1,0.0,105.10042218119982,1,0.0,198.67282251285383,1,0.0,458.01734584121886,1,0.0,299.0787947009168,1,0.0,289.08764454650594,1,0.0,191.51008468521036,1,0.0,217.50870617610758,1,0.0,988.2123581229323,1,0.0,133.48772606556238,1,0.0,234.5222828587921,1,0.0,217.95596460908547,1,0.0,456.5932490656908,1,0.0,1236.551453803408,1,0.0,128.1684328621563,1,0.0,1737.5310296318544,1,0.0,686.9218721960292,1,0.0,975.5148530448361,1,0.0,144.63353082152923,1,0.0,635.2236245951635,1,0.0,434.99771630225206,1,0.0,66.69389600613309,1,0.0,113.68328416719154,1,0.0,339.27260337737,1,0.0,317.51680804747224,1,0.0,103.15549847339399,1,0.0,1231.2974824559244,1,0.0,263.12781763921515,1,0.0,1510.713717776798,1,0.0,195.21505345225762,1,0.0,46.36392472870173,1,0.0,410.1948394921654,1,0.0,155.81494203774525,1,0.0,2096.327500439294,1,0.0,174.90601575724494,1,0.0,228.54843071894513,1,0.0,748.7807434398757,1,0.0,2337.8654106519707,1,0.0
5,2020-04-19,0.92,3.85,2.37,2.73,2.97,6.02,23.75,18.58,15.54,4.29,7.39,0.78,6.01,1.72,10.72,7.03,2.75,3.19,10.24,26.12,11.03,2.49,9.8,1.86,3.51,7.17,0.61,2.69,5.19,4.93,4.28,37.72,4.09,3.94,40.62,6.11,2.27,1.3,11.2,27.52,2.94,14.63,3.51,2.79,3.41,5.46,1.95,3.04,2.47,2.19,1.43,0.05,0.21,0.06,0.14,0.18,0.32,2.3,0.93,0.5,0.21,0.33,0.01,0.15,0.13,0.65,0.52,0.19,0.16,1.4,1.97,0.54,0.14,1.29,0.16,0.16,0.3,0.03,0.12,0.04,0.06,0.17,2.98,0.2,0.21,4.17,0.27,0.16,0.07,0.85,1.17,0.11,0.01,0.08,0.11,0.04,0.23,0.24,0.24,0.19,0.1,0.04,15627.0,15660.0,15673.0,15696.0,15669.0,15713.0,15606.0,15650.0,15742.0,15673.0,15642.0,15628.0,15672.0,15682.0,15688.0,15695.0,15650.0,15656.0,15676.0,15671.0,15700.0,15694.0,15719.0,15675.0,15624.0,15662.0,15674.0,15731.0,15602.0,15710.0,15762.0,15647.0,15645.0,15672.0,15641.0,15648.0,15669.0,15668.0,15705.0,15670.0,15705.0,15644.0,15691.0,15728.0,15683.0,15674.0,15630.0,15718.0,15675.0,15716.0,15704.0,2130.7869881141164,1,0.0,311.6865126319617,1,0.0,520.4341721998563,1,0.0,219.47836971869683,1,0.0,39.630005627718774,1,0.0,272.14718290514566,1,0.0,432.78542317906215,1,0.0,2269.6125706081543,1,0.0,1590.1845349452697,1,0.0,72.76842753756387,1,0.0,146.02440573612097,1,0.0,1073.8893305782908,1,0.0,491.2284441078759,1,0.0,852.6969081716877,1,0.0,122.44285037714708,1,0.0,231.30108666562128,1,0.0,532.6970468501096,1,0.0,347.46049345781785,1,0.0,336.55684485042906,1,0.0,222.9187058680778,1,0.0,254.15947357583278,1,0.0,1151.972424302258,1,0.0,155.98376197030743,1,0.0,274.6870495263817,1,0.0,253.84599262410367,1,0.0,528.8930897764108,1,0.0,1445.6408955705688,1,0.0,150.6889101161869,1,0.0,2002.582486837275,1,0.0,800.9160317796955,1,0.0,1144.2227350567575,1,0.0,168.44665848637646,1,0.0,738.835298995713,1,0.0,504.7970536755938,1,0.0,77.42590569523696,1,0.0,132.6163732405109,1,0.0,395.7464767602181,1,0.0,369.76760431751114,1,0.0,120.7826066893799,1,0.0,1427.947864867106,1,0.0,306.83266825244095,1,0.0,1764.360238962316,1,0.0,227.04909967529272,1,0.0,53.96372442337163,1,0.0,479.36554901308705,1,0.0,181.5929363892943,1,0.0,2430.502101614581,1,0.0,203.989964804658,1,0.0,265.96114710612216,1,0.0,876.1699176458258,1,0.0,2722.3667810231755,1,0.0
6,2020-04-26,0.43,4.42,5.78,3.13,4.39,7.48,29.28,21.21,19.2,3.47,6.48,0.25,11.66,1.8,15.27,8.25,6.38,3.56,8.92,34.95,13.64,1.57,9.52,3.16,3.1,7.86,0.2,3.18,5.29,12.21,4.96,38.18,6.02,4.3,33.91,5.33,2.36,1.36,10.84,36.86,3.09,9.33,5.46,2.84,4.69,7.42,0.89,3.53,4.02,1.31,1.97,0.05,0.22,0.05,0.17,0.2,0.67,3.2,1.66,0.68,0.2,0.3,0.03,0.19,0.1,0.72,0.59,0.13,0.2,1.33,2.47,0.86,0.19,1.32,0.35,0.2,0.33,0.07,0.17,0.13,0.17,0.23,2.79,0.3,0.24,2.95,0.31,0.2,0.06,0.65,1.02,0.15,0.05,0.06,0.09,0.07,0.29,0.21,0.23,0.13,0.11,0.11,17943.0,17923.0,17937.0,17977.0,17967.0,17933.0,17957.0,17892.0,17864.0,17894.0,17895.0,17914.0,17951.0,17882.0,17904.0,17896.0,17886.0,17815.0,17881.0,17868.0,17850.0,17919.0,17927.0,17917.0,17928.0,17845.0,17865.0,17894.0,17876.0,17907.0,17910.0,17819.0,17922.0,17906.0,17922.0,17834.0,17870.0,17822.0,17937.0,17939.0,17861.0,17900.0,17918.0,17878.0,17903.0,17902.0,17921.0,17941.0,17864.0,17944.0,17900.0,2446.580337091674,1,0.0,356.7278011432088,1,0.0,595.6120555572528,1,0.0,251.37376735684336,1,0.0,45.44210294934094,1,0.0,310.597303572709,1,0.0,497.9833297466627,1,0.0,2594.754512033297,1,0.0,1804.539228323104,1,0.0,83.08034469196502,1,0.0,167.057073305708,1,0.0,1230.9734750434798,1,0.0,562.662187351996,1,0.0,972.3202469025711,1,0.0,139.73844933404138,1,0.0,263.7377666115297,1,0.0,608.8063501572562,1,0.0,395.37612997898725,1,0.0,383.8972277858205,1,0.0,254.1708529417915,1,0.0,288.9647518043704,1,0.0,1315.2920779324686,1,0.0,177.89432539230876,1,0.0,313.9756214586399,1,0.0,291.27950305715126,1,0.0,602.6112365636606,1,0.0,1647.7207221748251,1,0.0,171.40851551834265,1,0.0,2294.4599753046487,1,0.0,912.9219211380655,1,0.0,1300.1541165376555,1,0.0,191.82916901442718,1,0.0,846.366649319346,1,0.0,576.7544693156701,1,0.0,88.71728673806258,1,0.0,151.14266362290846,1,0.0,451.33636733072296,1,0.0,420.6023898485246,1,0.0,137.94827228191068,1,0.0,1634.7132576803456,1,0.0,348.955000805912,1,0.0,2018.7962335352506,1,0.0,259.27383646561054,1,0.0,61.34050516537628,1,0.0,547.2219233553081,1,0.0,207.40568758716003,1,0.0,2786.7580398614787,1,0.0,232.840307835626,1,0.0,303.10238800024024,1,0.0,1000.3813312698331,1,0.0,3103.054341589076,1,0.0
7,2020-05-03,0.53,4.27,2.04,4.15,4.11,7.66,18.85,23.78,17.22,3.03,6.91,0.14,16.66,1.39,19.84,10.78,9.7,3.67,7.84,27.25,16.3,1.81,8.3,7.75,3.39,7.87,0.12,3.87,6.07,18.91,6.87,28.48,7.64,3.87,21.24,4.83,2.6,1.25,10.46,27.48,3.15,6.73,7.19,3.49,4.69,9.55,1.05,4.13,5.16,1.13,2.07,0.0,0.23,0.12,0.17,0.19,0.4,2.3,1.48,0.84,0.2,0.35,0.03,0.3,0.06,0.78,0.67,0.11,0.14,0.87,2.29,0.88,0.07,1.05,0.37,0.22,0.36,0.03,0.17,0.15,0.17,0.24,3.11,0.35,0.23,2.04,0.38,0.16,0.07,1.08,1.27,0.28,0.18,0.06,0.11,0.04,0.35,0.14,0.16,0.16,0.14,0.11,20170.0,20116.0,20170.0,20157.0,20166.0,20108.0,20111.0,20045.0,20147.0,20156.0,20097.0,20045.0,20101.0,20176.0,20100.0,20105.0,20119.0,20161.0,20090.0,20043.0,20068.0,20087.0,20165.0,20125.0,20086.0,20152.0,20136.0,20098.0,20115.0,20142.0,20193.0,20162.0,20140.0,20111.0,20165.0,20163.0,20108.0,20216.0,20191.0,20061.0,20064.0,20109.0,20123.0,20129.0,20199.0,20102.0,20147.0,20142.0,20088.0,20133.0,20168.0,2750.238276717331,1,,400.3758549236617,1,291.1860587359898,669.7605597697378,1,,281.8568742622179,1,204.7681731753693,51.00380965527965,1,37.22979659455105,348.26802990241634,1,,557.7180344453491,1,,2906.989391555301,1,,2035.1574022069847,1,,93.58262141562797,1,,187.61363521792757,1,135.9328328809396,1377.4066823292706,1,999.9512118361458,630.0525111672035,1,457.72134822022156,1097.0547646519558,1,,156.87795082742582,1,113.99797760126276,296.29234453088986,1,215.79750315671822,684.8135390145275,1,498.863125791387,447.4419397421477,1,324.8675717447328,431.32348896689973,1,313.26237070761744,285.1100517971976,1,,324.87084813501986,1,236.2711794165146,1474.4278123460851,1,1072.8449696445653,200.1025866868916,1,145.6635690541474,352.6683809708729,1,255.93648219029063,326.34092472143794,1,236.77020292569526,680.5167631959029,1,495.09012828578466,1857.1790910558234,1,1353.7780442251378,192.52086424989665,1,139.7687297377969,2581.8450661922693,1,1873.2014365403916,1026.8650994339037,1,747.9464737262833,1465.8856546758725,1,,217.05256780228302,1,157.18602035914762,951.111723986811,1,,647.7777913776076,1,469.913490050615,99.82056059999063,1,,170.8808751053439,1,124.20920029479345,507.8607540171336,1,368.8481426131997,477.1012183356398,1,347.7486373256654,155.28313350304168,1,112.85348427634261,1828.083096177346,1,1324.9752364497588,391.9955845792407,1,284.7555644558629,2267.9314782212487,1,,291.18023279369805,1,,69.06382304921462,1,50.32336890371259,617.4013087110468,1,,232.89404155273664,1,169.5554819482788,3132.906323815033,1,,261.40513240204996,1,190.15529738629908,340.8374815354247,1,247.2972069583241,1122.418487653564,1,816.9074703018762,3496.223461517792,1,2547.9716599260464
8,2020-05-10,0.23,5.83,2.75,4.87,4.69,7.61,14.96,25.42,18.18,3.01,6.23,0.09,12.63,1.38,18.22,9.26,9.16,4.04,7.04,20.12,16.85,2.67,4.74,11.67,3.38,9.36,0.07,4.24,5.62,19.51,5.81,18.96,6.9,3.0,13.82,5.1,2.23,1.86,8.88,24.23,2.85,14.32,4.58,3.81,4.79,9.05,0.66,3.45,5.62,1.33,1.88,0.02,0.3,0.07,0.23,0.19,0.32,1.86,1.46,0.69,0.23,0.29,0.03,0.37,0.05,0.9,0.56,0.16,0.19,0.84,2.02,0.86,0.09,0.72,0.4,0.29,0.61,0.03,0.17,0.21,0.15,0.49,2.23,0.33,0.23,1.35,0.37,0.11,0.06,1.09,1.38,0.16,0.18,0.06,0.11,0.08,0.3,0.11,0.19,0.15,0.03,0.0,22404.0,22379.0,22373.0,22365.0,22390.0,22422.0,22374.0,22281.0,22370.0,22337.0,22327.0,22398.0,22361.0,22345.0,22406.0,22348.0,22387.0,22327.0,22348.0,22414.0,22308.0,22390.0,22361.0,22321.0,22319.0,22297.0,22306.0,22353.0,22256.0,22379.0,22297.0,22368.0,22335.0,22328.0,22299.0,22357.0,22381.0,22340.0,22359.0,22334.0,22394.0,22376.0,22364.0,22343.0,22337.0,22375.0,22308.0,22399.0,22346.0,22330.0,22418.0,3054.8506867414517,1,,445.4171434349088,1,301.4163823306787,742.9128906161797,1,502.0713764857925,312.73150731133126,1,210.54318379551597,56.62874631467378,1,38.24906344425242,388.3462187423901,1,282.69498627746367,620.4755259649068,1,,3231.2611939757376,1,,2259.714651678674,1,,103.7088219170908,1,70.09875065157527,208.4315884714469,1,140.25512541743262,1539.0947802849091,1,1039.4627529855263,700.890712014817,1,472.57856379622535,1214.9925017916314,1,821.7035885914136,174.87598837011458,1,118.29065784778437,329.34798883741985,1,223.46087143108093,762.0120631203453,1,517.1075741691287,495.51293034189433,1,335.5648097267632,479.8017586576543,1,324.14743834854414,318.8373347793438,1,,361.13309149870554,1,243.26461206522538,1643.4728291147928,1,1114.023542986834,221.8940709598603,1,150.54581416448463,391.1508537466262,1,263.0511834411812,362.6208851368005,1,244.81255868279538,752.9516806758161,1,508.9692663203973,2057.3220503124353,1,1391.7775369503565,214.12174736679967,1,144.34754221224463,2856.651443856582,1,1930.3190629115356,1140.9102403053982,1,774.8136124117004,1618.6229110240147,1,,240.80110289661076,1,162.25653714492657,1054.7706233984818,1,711.8225926342207,719.1876349201543,1,486.40507322327346,110.38426386408086,1,74.3716391001368,189.47496526956178,1,128.3195620676493,565.2691235158876,1,381.70377836984983,527.2279984971406,1,356.74030551847704,171.95659363055364,1,116.39890176655616,2035.2129938699393,1,1376.9171817576243,437.51740037218485,1,295.6573555341731,2523.608073831551,1,,323.60754987816244,1,218.9169478674083,76.66019168307429,1,51.74725913996001,682.7512764334201,1,501.46471957589165,259.22814544535277,1,175.44097459123918,3468.946953475245,1,,290.69673124185863,1,196.2939443739949,379.1494604933592,1,256.3916359757966,1244.9016455224796,1,839.4305453037159,3886.2721916058044,1,2626.6748259082497
9,2020-05-17,0.35,5.48,3.54,5.53,4.45,5.74,15.49,17.23,17.94,3.32,4.94,0.09,12.19,1.51,18.82,8.03,5.01,4.18,8.68,17.03,14.71,2.67,5.63,11.16,2.71,8.62,0.12,5.11,7.67,14.92,5.52,12.55,7.32,3.78,10.56,4.69,2.6,1.34,6.37,18.88,3.23,7.59,4.88,4.33,4.4,10.56,0.32,3.25,5.83,1.03,2.27,0.02,0.28,0.05,0.28,0.19,0.61,1.77,1.21,0.97,0.17,0.27,0.0,0.39,0.04,0.87,0.52,0.08,0.11,0.63,1.7,0.82,0.06,0.49,0.39,0.23,0.44,0.0,0.16,0.13,0.25,0.41,1.77,0.44,0.18,1.01,0.35,0.06,0.05,0.76,1.04,0.15,0.18,0.11,0.12,0.06,0.28,0.02,0.14,0.13,0.1,0.02,24565.0,24607.0,24548.0,24556.0,24584.0,24615.0,24550.0,24613.0,24587.0,24593.0,24557.0,24512.0,24572.0,24601.0,24569.0,24635.0,24573.0,24588.0,24573.0,24639.0,24660.0,24563.0,24597.0,24589.0,24541.0,24588.0,24670.0,24547.0,24596.0,24609.0,24528.0,24581.0,24619.0,24496.0,24639.0,24542.0,24560.0,24533.0,24581.0,24574.0,24665.0,24600.0,24561.0,24591.0,24547.0,24565.0,24544.0,24500.0,24541.0,24521.0,24620.0,3349.5093340387325,1,,489.76181458075877,1,308.2034258049762,815.1354596543146,1,510.1403807507428,343.36842805888887,1,216.06649903754482,62.1778070299214,1,39.08369882986395,426.3287028072399,1,293.20814990143265,680.820334425604,1,426.65665356977263,3569.45522047147,1,,2483.665808709144,1,,114.183241142813,1,71.56126929346468,229.24954172496626,1,144.2880203974866,1684.359820267153,1,1056.6416839200397,770.1930403661771,1,485.24167580615284,1337.6607982356645,1,839.5927151561682,191.7579290487077,1,120.58529056137952,363.05207199793443,1,227.64624948861754,836.4194589295682,1,524.8342342097022,545.6922977223317,1,342.37819574436355,527.5715328214847,1,331.1465153720986,350.4877795854489,1,,399.20844703057554,1,249.51337364486054,1802.9755739860054,1,1133.4750972394208,244.0824857296044,1,153.14570891836343,430.89504694125674,1,271.14722279564296,398.72212653533853,1,250.17412918752873,830.3169002312852,1,520.1130997788455,2275.357974590145,1,1433.6507643708642,235.13830504240286,1,147.39369779147972,3157.0003106172044,1,1971.3924122121339,1254.598512162096,1,787.4569717930731,1780.5795740053386,1,,264.6249959898779,1,165.8952519508571,1162.6325487999652,1,730.3347969938446,789.0191824168802,1,492.6538371597887,121.96770605619484,1,76.33686412161941,207.9927806792318,1,130.72645432227,620.3033677472051,1,388.5735876543465,578.9831910085206,1,362.4279486535626,189.04535211917525,1,118.43694002014966,2239.335726307866,1,1409.2669898002418,481.8865178253076,1,304.35143623282556,2774.4350472048695,1,,355.3981860381661,1,223.2724241915599,84.37321638448192,1,52.86578496409652,750.3019914317573,1,658.390226725875,284.6006432565404,1,178.49957706710842,3816.6502611662363,1,2396.75808651219,317.96374460580995,1,198.8895667789403,416.3925046973744,1,260.6843422097902,1367.0503022775065,1,857.1591043398173,4267.999882118606,1,2671.7471236073097
10,2020-05-24,0.33,7.89,5.51,4.71,5.2,5.53,12.22,19.98,16.71,3.51,6.75,0.1,12.6,1.83,18.24,7.92,5.24,3.35,8.59,13.81,18.9,3.91,5.1,12.42,2.43,9.39,0.2,6.39,9.71,13.18,5.81,12.58,6.85,4.41,8.3,4.87,2.62,1.03,6.6,18.76,3.55,9.3,5.7,3.56,5.14,9.8,0.37,2.77,6.92,2.22,1.78,0.0,0.18,0.06,0.24,0.18,0.29,1.14,0.99,0.53,0.18,0.29,0.0,0.48,0.05,0.77,0.48,0.06,0.17,0.61,1.19,0.67,0.07,0.48,0.37,0.2,0.5,0.0,0.13,0.19,0.16,0.39,1.25,0.35,0.2,0.64,0.42,0.08,0.03,0.72,1.47,0.14,0.1,0.08,0.09,0.08,0.27,0.02,0.1,0.12,0.06,0.06,26804.0,26766.0,26819.0,26783.0,26778.0,26819.0,26813.0,26870.0,26793.0,26787.0,26760.0,26743.0,26746.0,26788.0,26809.0,26858.0,26842.0,26758.0,26819.0,26795.0,26768.0,26839.0,26765.0,26757.0,26837.0,26853.0,26765.0,26818.0,26858.0,26883.0,26804.0,26815.0,26820.0,26845.0,26796.0,26807.0,26827.0,26760.0,26839.0,26746.0,26798.0,26830.0,26782.0,26809.0,26847.0,26814.0,26834.0,26777.0,26822.0,26736.0,26870.0,3654.803508633185,1,2120.5605195591443,532.7331543491116,1,307.9844889187085,890.5457834637879,1,515.1876591386954,374.5087395626821,1,216.87751747814656,67.72686774516902,1,39.36443982320601,464.50170548801,1,270.0861178783708,743.5778259451617,1,430.31727614183706,3896.7725094083776,1,2267.437223096389,2706.5057962640462,1,1567.7591146201619,124.36979955648077,1,71.8027009422845,249.81543904223224,1,144.82013848513262,1837.664599926749,1,1062.1389418190838,838.3356282611823,1,483.4550486166333,1456.577271783138,1,844.2689002156482,209.24084496181388,1,120.82724162981985,395.81297137083516,1,230.122106931104,913.6520211853444,1,531.369559001729,593.8520620812653,1,343.4878677342008,575.7921677751759,1,334.5816451996101,381.15670497958934,1,220.7991929349948,433.333808196044,1,251.4398053235563,1970.0387342836946,1,1145.8066486146454,265.5961186548303,1,153.7014116138489,468.8868506652246,1,271.900750268028,436.02565950160465,1,253.79725107406065,906.8041207869977,1,526.6643230847211,2468.583550462312,1,1427.5634669925523,256.89245384882713,1,148.93593379228741,3447.337548485805,1,2006.6898217673347,1370.529960683231,1,798.0100983734931,1945.8029558724354,1,1125.2031717662567,288.6749630799632,1,167.8007327811817,1266.5747982783648,1,736.1906983729093,864.6807622461278,1,503.7019094805343,132.64526366661784,1,76.79723169592137,227.18859390710477,1,132.00617520412817,677.5601973352717,1,393.0945283231882,631.5407896053483,1,365.37797102653224,206.4109761818699,1,119.71359794504217,2437.2618757967853,1,1408.629106261374,523.5594933988483,1,303.374573232977,3025.9387120531155,1,1757.818888038012,387.53610270242115,1,224.8641265027117,91.98330926158253,1,53.19859786268929,820.6036405250494,1,476.00329623036447,310.656692378623,1,179.73923791907055,4172.750697039391,1,2415.8848784826705,347.5149056861132,1,200.758414910501,455.09472967658104,1,264.2644252745041,1490.5369634880883,1,865.2986314444425,4658.048612206618,1,2689.0826227223315
11,2020-05-31,1.03,10.12,6.3,7.06,6.64,5.52,8.79,13.99,10.11,3.52,5.44,0.08,9.9,1.64,11.33,6.96,3.64,3.5,8.38,8.89,15.45,2.87,3.92,10.84,2.75,10.8,0.34,7.43,4.69,14.53,5.27,10.12,5.08,3.44,6.78,4.4,1.69,1.07,5.09,11.64,4.9,6.94,5.68,4.4,6.4,14.0,0.57,3.42,7.63,1.91,1.94,0.0,0.23,0.09,0.21,0.16,0.28,1.01,0.69,0.59,0.14,0.29,0.0,0.37,0.03,0.61,0.34,0.04,0.13,0.31,0.98,0.6,0.13,0.38,0.44,0.22,0.52,0.01,0.19,0.21,0.18,0.38,0.91,0.27,0.12,0.48,0.23,0.08,0.02,0.46,1.48,0.16,0.17,0.1,0.07,0.06,0.34,0.01,0.12,0.21,0.02,0.08,29001.0,29047.0,29058.0,29018.0,29091.0,28984.0,28987.0,29060.0,28994.0,29070.0,29026.0,29025.0,29041.0,28989.0,29013.0,29073.0,29070.0,29003.0,29027.0,29008.0,29079.0,29097.0,29029.0,29035.0,29005.0,29010.0,29013.0,29072.0,29061.0,29016.0,29108.0,28942.0,29056.0,29065.0,29062.0,28999.0,29060.0,28970.0,29001.0,29052.0,29012.0,28992.0,29037.0,29095.0,29046.0,28996.0,29064.0,28992.0,29085.0,28944.0,29113.0,3954.3708608368524,1,2129.696164801586,578.1327032197057,1,310.51221478743514,964.8935223494816,1,516.8811538609689,405.760915678972,1,218.080062062487,73.57690303886444,1,39.58953845750731,501.9992330759716,1,268.85640681197583,803.8671704274941,1,431.149235817306,4214.373246126069,1,2262.6514585705067,2928.8407067845988,1,1569.779422757559,134.96957752293636,1,72.2623496583069,270.96946687742275,1,145.65098953426408,1994.473881496986,1,1072.9273104459585,910.2708808918342,1,488.9089631951665,1576.2549847588994,1,841.7676849512754,226.44278544060228,1,121.34236325940246,428.455972770284,1,229.78315025743018,989.4890192928234,1,531.4716734516046,643.6763344249546,1,344.5975397240378,623.1969593948332,1,334.1093148483273,412.6364507575267,1,221.12636607231633,470.74543516634657,1,253.236728990239,2135.7806569340387,1,1147.5682988111064,288.06238477231716,1,154.57465870675478,508.8062828069214,1,274.2839999481293,471.2495529993681,1,253.29358839028265,979.644268574491,1,523.0510195088002,2675.9205884387466,1,1439.3691346353385,278.4837578601351,1,150.3153249979788,3730.1018875771088,1,1992.5708579452544,1479.2730476206013,1,792.3511754245721,2113.058962824013,1,1137.5441097791772,311.5730293291179,1,166.93949850758867,1372.169923146017,1,736.9462985508535,936.1872361588269,1,501.1895198565748,143.86239187487863,1,77.16849586874554,245.76573412586757,1,132.08244995867602,733.9583007627762,1,394.6856973854062,683.6971851594523,1,366.18037711198,223.0382920470364,1,119.88279357364242,2647.398938744044,1,1416.1014562881194,566.8149870321437,1,303.6871693929285,3269.7732068521777,1,1759.0594890753798,420.1660000810321,1,224.9509466287745,99.82671427377909,1,53.46278954507736,887.8181302451143,1,477.6232907529489,335.93650526629943,1,180.12156322855418,4519.52099048792,1,2423.1934900486262,376.2614238208834,1,201.35540806363846,493.4915447260965,1,264.9431140071514,1613.6333733991335,1,864.8526299592578,5046.883857356579,1,2709.0184467046083
12,2020-06-07,2.32,7.42,10.29,13.72,6.83,4.03,7.08,10.75,6.51,5.17,5.79,0.21,9.84,2.38,8.43,6.15,3.29,4.66,8.93,6.83,12.14,2.6,3.46,7.69,3.93,8.49,0.4,9.5,5.32,11.32,4.12,5.98,8.52,4.85,5.36,3.62,2.33,1.92,4.22,10.87,6.73,7.19,8.32,5.41,10.05,10.17,1.88,4.22,6.29,1.07,1.09,0.0,0.18,0.1,0.28,0.15,0.21,0.51,0.47,0.47,0.17,0.17,0.0,0.31,0.02,0.58,0.36,0.1,0.11,0.45,0.74,0.51,0.09,0.3,0.37,0.1,0.4,0.01,0.15,0.22,0.12,0.43,0.77,0.27,0.09,0.36,0.27,0.04,0.03,0.49,1.07,0.14,0.1,0.1,0.08,0.04,0.16,0.01,0.07,0.13,0.06,0.08,31301.0,31306.0,31244.0,31231.0,31192.0,31303.0,31219.0,31205.0,31263.0,31346.0,31296.0,31311.0,31272.0,31196.0,31220.0,31242.0,31262.0,31214.0,31282.0,31287.0,31288.0,31298.0,31242.0,31291.0,31223.0,31268.0,31255.0,31202.0,31259.0,31264.0,31231.0,31188.0,31213.0,31274.0,31241.0,31209.0,31234.0,31297.0,31291.0,31256.0,31244.0,31214.0,31200.0,31340.0,31282.0,31268.0,31208.0,31306.0,31256.0,31261.0,31218.0,4267.982563189349,1,2137.1955750752327,623.0943783177646,1,311.4078656858029,1037.4813549551657,1,517.0471827553093,436.7054641108959,1,217.22709439219906,78.8907483272579,1,39.26074269953912,542.1640212868182,1,270.0168383816725,865.7649702824003,1,432.9795471033382,4525.447940308464,1,2255.83536970031,3158.0446649723017,1,1567.860130027032,145.53685507512773,1,72.76842753756387,292.16083633279897,1,146.136430596678,2151.5580259621747,1,1077.668695383884,980.2000959763589,1,488.971651868483,1696.2589432039263,1,843.5620350322386,243.66814053891716,1,121.22529016177008,460.4210608223855,1,229.11997415676424,1064.100644001797,1,531.4035971516874,692.7460298155548,1,345.285536357737,671.6108204013219,1,335.05397555089286,445.0550411903867,1,222.1363353223089,506.5058349834813,1,252.34636140764852,2297.338660367788,1,1145.36623606553,310.02256450641545,1,154.03880253610802,548.3401892650724,1,273.65313973869064,507.2858056645155,1,253.43981304041185,1055.8951047841151,1,527.0020150077044,2882.7042357444257,1,1437.063340173857,298.88725277765326,1,148.19834266146637,4012.2244555855905,1,2009.6419687483155,1593.8789826582051,1,792.9629508785097,2267.175500479482,1,1122.9527654227243,335.75218156024215,1,167.3055230738657,1474.034272135071,1,735.198973139358,1007.3393987143008,1,502.542345038707,154.64885364266337,1,77.2229479474264,264.49542385372604,1,131.87905061321513,788.8662617351875,1,393.11978497496943,738.6148016546558,1,368.8471973371447,240.65001884224046,1,119.86741215286055,2848.24112726779,1,1420.293262400684,610.4221513453846,1,303.5894830929436,3520.37461640052,1,1756.014377438204,451.46465552667985,1,224.41555585138713,107.52944579275604,1,53.565721369384406,956.1635595375496,1,476.7980105244626,362.2590235434767,1,180.6660871541824,4852.918079794488,1,2422.415978179907,406.29277504610155,1,202.30281024144355,530.3273756905234,1,264.3662285844012,1742.8065535458234,1,866.6366358999976,5411.796113727808,1,2689.4293327046325
13,2020-06-14,2.85,14.9,14.56,17.72,7.58,2.8,4.49,8.81,4.72,7.74,7.37,0.53,9.8,2.08,6.37,5.46,3.42,4.03,11.69,4.49,8.83,2.37,2.33,6.6,3.26,11.91,0.75,11.63,4.11,8.13,2.89,4.37,5.33,7.08,3.83,3.27,3.9,2.83,3.68,6.82,12.51,7.43,7.03,6.7,9.93,6.4,1.47,3.89,4.8,1.16,2.79,0.03,0.24,0.1,0.29,0.16,0.16,0.52,0.53,0.35,0.15,0.36,0.0,0.21,0.02,0.65,0.25,0.05,0.15,0.24,0.64,0.45,0.06,0.17,0.33,0.16,0.38,0.01,0.16,0.13,0.18,0.36,0.72,0.27,0.12,0.31,0.22,0.05,0.04,0.31,0.82,0.15,0.14,0.11,0.07,0.08,0.12,0.0,0.09,0.1,0.03,0.02,33553.0,33479.0,33456.0,33473.0,33498.0,33505.0,33524.0,33431.0,33430.0,33493.0,33485.0,33465.0,33482.0,33510.0,33441.0,33517.0,33454.0,33508.0,33560.0,33484.0,33460.0,33486.0,33516.0,33481.0,33501.0,33478.0,33525.0,33472.0,33401.0,33544.0,33424.0,33543.0,33443.0,33501.0,33476.0,33515.0,33500.0,33475.0,33404.0,33531.0,33507.0,33452.0,33534.0,33429.0,33577.0,33429.0,33404.0,33465.0,33475.0,33418.0,33509.0,4575.049325666663,1,2128.468988574989,666.3443650322763,1,309.6165638890675,1110.9325378114204,1,515.3204822541676,468.0555217631205,1,216.68175440627715,84.7230792339858,1,39.28097628464486,580.3023842192391,1,269.7050806465301,929.687205347615,1,431.70387560095224,4848.269511054391,1,2253.514999021094,3376.9450516592788,1,1572.4058233361748,155.50519642159296,1,72.42485172962793,312.5960379794151,1,145.53896467370708,2299.5716948939407,1,1068.598219850461,1049.4710799910606,1,486.80889263906465,1822.0809458508645,1,849.7606989482935,261.0027638616889,1,121.26431452764751,493.9482970227225,1,230.2105304111928,1138.712268710771,1,529.9059185535148,743.6577807092846,1,348.2816507302973,720.5184813205154,1,336.6212535346949,476.30718826410043,1,222.13633532230892,541.667260245055,1,252.7025084406846,2457.9424366117887,1,1142.65035867932,332.58806324809615,1,154.6937378557874,586.717518672586,1,272.7418972139461,544.2968893305235,1,253.01738627337227,1130.5250197634198,1,527.9137831997592,3092.0703728469643,1,1444.3496506721392,320.63182247848243,1,149.22330696013978,4287.159187466467,1,1992.6992121618187,1710.1163189063086,1,797.1943977682431,2426.373600846153,1,1126.2194843084974,361.1047654891369,1,169.27559647470974,1579.3460469359943,1,732.9793976166483,1079.0713434906884,1,502.31687417501826,165.71252599282352,1,76.99523925476093,284.0387109634281,1,132.89604734051966,846.0978346714729,1,394.76146734074996,790.0159914812793,1,369.41360163275476,256.90048989825186,1,118.95221761634119,3055.5532774000594,1,1420.8400197197138,654.6349707185316,1,305.6799699126196,3772.7805365486706,1,1753.98430301342,485.23768456511795,1,225.9638480995074,114.69693182533636,1,53.356426659960086,1026.3123789589,1,479.09045560359175,387.2955385069363,1,179.88985091977625,5194.40129253573,1,2407.6432526742515,434.31251890748695,1,201.47221107186095,567.9776331341269,1,264.87524513388666,1863.0597039888144,1,862.6783727189812,5808.952398452981,1,2705.8980568639045
14,2020-06-21,2.44,12.84,14.49,32.8,9.35,3.5,2.67,5.12,7.5,14.45,8.87,0.87,9.33,4.89,5.0,5.51,4.96,4.05,13.44,3.02,6.08,1.74,2.33,6.21,5.05,12.19,1.55,11.79,3.96,7.94,2.37,3.64,5.74,9.45,3.38,4.47,8.25,4.41,3.04,5.26,16.36,6.44,9.51,12.49,14.5,5.84,0.73,4.99,5.62,2.02,3.38,0.03,0.17,0.22,0.31,0.15,0.12,0.24,0.36,0.19,0.15,0.25,0.0,0.15,0.03,0.4,0.25,0.06,0.06,0.28,0.48,0.3,0.02,0.11,0.21,0.2,0.36,0.02,0.14,0.08,0.18,0.22,0.39,0.23,0.11,0.2,0.17,0.03,0.05,0.22,0.82,0.15,0.11,0.11,0.1,0.07,0.11,0.02,0.11,0.13,0.01,0.04,35709.0,35691.0,35740.0,35755.0,35710.0,35638.0,35759.0,35664.0,35715.0,35722.0,35603.0,35697.0,35776.0,35671.0,35719.0,35740.0,35740.0,35669.0,35732.0,35692.0,35648.0,35735.0,35747.0,35643.0,35701.0,35764.0,35668.0,35688.0,35761.0,35749.0,35727.0,35704.0,35704.0,35733.0,35688.0,35779.0,35724.0,35681.0,35688.0,35700.0,35700.0,35669.0,35682.0,35647.0,35734.0,35741.0,35731.0,35726.0,35750.0,35670.0,35756.0,4869.026208393612,1,2118.7879316762815,710.3705825253733,1,309.9947276017116,1186.7745367461791,1,517.0139769764413,499.9649024778291,1,218.10802821561123,90.31766551572133,1,39.31385586044168,617.2456758336142,1,268.97764593119786,991.6682011700682,1,433.9501667247191,5172.106243972475,1,2265.1168524171735,3607.7652563569,1,1572.6078541499153,165.85425690658178,1,72.27163549095381,332.36842586773525,1,144.7547906498077,2452.945190277275,1,1075.5385079480043,1121.374988285054,1,491.32247711785055,1939.5836890315186,1,842.5289243795628,278.78226495546386,1,121.90431412803804,526.7091963956232,1,230.4168518647333,1216.5234795158412,1,531.7099405013138,791.6178041100475,1,344.17586436789975,767.1503687289826,1,335.82687976208285,507.71580944696785,1,222.60575764977023,577.0877015306552,1,252.21685339563533,2623.02374043846,1,1148.595928092375,354.7268617057433,1,154.6242750188517,624.6041790283141,1,271.9357980574412,580.0406926954125,1,253.6997679739746,1207.7213933573973,1,527.2046301614945,3289.723074085176,1,1432.5439830293526,341.8591204771774,1,149.33825622728074,4590.075138558377,1,2008.2300723661078,1822.5300585673035,1,795.6649591333999,2593.5570140447135,1,1127.671359368841,384.3688563045686,1,167.3162885022856,1686.121797081683,1,735.0100730948722,1150.9643388839966,1,503.18654750638893,176.6623439966509,1,76.84178339666026,303.2260492185736,1,132.34517411322972,902.2686282329462,1,394.40787421581257,842.0779863194483,1,364.9767679838085,274.46607243111043,1,119.18293892806875,3253.206048229463,1,1425.1229520521167,697.4801818918905,1,305.48459731264984,4022.818036534573,1,1754.8865583133243,516.3192896956086,1,225.13905690191058,122.30702470243696,1,53.24320165322234,1092.2430994346525,1,474.84179072360575,414.08148140166946,1,181.18743984893283,5556.255316237402,1,2423.3489924223695,463.6560301953946,1,202.25089779334462,606.5780548034365,1,265.7405732680119,1988.6091220683763,1,866.1906344148124,6198.481063567541,1,2702.257602049749
15,2020-06-28,3.93,15.79,20.15,41.8,13.79,4.38,2.2,4.62,6.62,29.12,15.15,0.82,11.32,12.13,5.6,5.46,8.62,4.99,19.85,3.33,5.81,2.49,3.1,6.67,6.29,16.39,1.95,12.7,4.5,8.05,2.13,3.29,8.48,18.32,3.37,6.72,8.77,4.75,4.2,4.37,23.94,6.2,10.93,18.71,15.99,6.26,0.98,6.65,7.65,2.3,5.43,0.02,0.24,0.18,0.48,0.15,0.06,0.22,0.34,0.18,0.17,0.18,0.01,0.09,0.01,0.26,0.17,0.07,0.11,0.29,0.42,0.24,0.01,0.1,0.12,0.1,0.32,0.02,0.13,0.09,0.14,0.29,0.39,0.16,0.06,0.19,0.13,0.06,0.05,0.2,0.45,0.17,0.14,0.13,0.1,0.05,0.2,0.02,0.08,0.09,0.02,0.04,37979.0,37891.0,37942.0,37929.0,37967.0,37908.0,38026.0,37926.0,37934.0,37916.0,37909.0,37953.0,37902.0,37962.0,37935.0,37971.0,37966.0,37903.0,37930.0,37901.0,37962.0,37957.0,37961.0,37980.0,37896.0,37938.0,37882.0,37877.0,37925.0,37988.0,37947.0,37921.0,37950.0,37918.0,37956.0,37903.0,38002.0,37977.0,37921.0,37929.0,37915.0,37931.0,37912.0,37968.0,37972.0,37890.0,37979.0,37891.0,37901.0,37878.0,37915.0,5178.54732332412,1,2123.6966365826684,754.1579597789056,1,308.7408163439968,1259.8936618137527,1,516.9807711975731,530.364110923831,1,217.6326036124998,96.02606571367662,1,39.39731939900283,656.5617902099065,1,268.2155714675164,1054.536620646355,1,434.06109468144825,5500.148648746637,1,2268.8874547708997,3831.918444201109,1,1572.2037925224354,176.04081532024955,1,72.33199340315875,353.8958699047826,1,145.4642814333357,2607.967863030322,1,1068.8730827454128,1188.013048020464,1,487.12233600564707,2064.1550840462705,1,849.1625822546391,296.07786391235817,1,121.20187554224358,559.5879937419755,1,230.2400049045557,1292.2924013234033,1,530.280338203058,841.1979486159727,1,345.68501827407835,814.3404647344204,1,334.53870607676606,539.1386555488492,1,220.30132076950542,614.5478940054627,1,253.41480250675716,2786.123187794113,1,1142.6503586793203,376.6969647022609,1,154.8028937424006,665.5575209577019,1,274.40666721107567,615.7032601435634,1,253.0823750067629,1281.135617413962,1,528.183936738146,3493.9242315939955,1,1436.6021812815602,362.82778262480525,1,148.70603525800558,4867.83366320367,1,2011.182219347088,1936.677162014454,1,795.7669217090559,2754.715145742848,1,1136.0922347188334,408.2358111115154,1,167.43470821490462,1792.1891720605502,1,737.4185486620684,1221.343458478252,1,502.1558235580976,187.88937258285367,1,77.5051087187728,321.2268912918638,1,131.75192602230203,959.8032809906064,1,394.53415747471877,896.2639972661553,1,369.0359987690148,291.63942873403215,1,119.68283510347851,3456.3263922491683,1,1421.113398379229,740.755212785183,1,303.2378124129981,4277.930722582435,1,1754.3226487508841,548.5874365489578,1,224.9798866707954,130.27051684299175,1,53.610325159917465,1160.6496605958646,1,477.8983841624445,438.97896897986226,1,179.7508235345095,5905.824652413319,1,2436.877698938074,491.7536427289284,1,201.05691148706978,643.0745414015397,1,263.9250809081805,2111.7055319794213,1,866.8038864569417,6572.754489460883,1,2686.4822978550783
16,2020-07-05,6.07,24.8,18.92,47.43,19.75,4.49,2.64,4.74,13.23,39.27,22.36,1.23,14.0,18.03,6.33,6.65,11.15,3.94,27.61,2.71,6.14,2.38,4.27,6.56,7.17,24.01,4.66,14.87,6.02,7.66,1.58,3.57,9.86,24.73,3.33,8.36,10.77,6.4,5.15,4.45,31.98,6.17,21.8,23.29,17.16,6.71,1.08,7.74,9.9,4.02,5.36,0.03,0.26,0.11,0.46,0.16,0.07,0.11,0.18,0.06,0.21,0.1,0.01,0.08,0.03,0.16,0.16,0.07,0.11,0.27,0.38,0.18,0.05,0.09,0.12,0.1,0.35,0.01,0.11,0.06,0.11,0.13,0.38,0.15,0.15,0.13,0.13,0.08,0.04,0.16,0.45,0.29,0.16,0.11,0.13,0.07,0.2,0.0,0.08,0.06,0.01,0.0,40145.0,40123.0,40184.0,40206.0,40175.0,40107.0,40162.0,40217.0,40155.0,40176.0,40168.0,40138.0,40190.0,40140.0,40083.0,40229.0,40218.0,40146.0,40140.0,40157.0,40167.0,40141.0,40226.0,40178.0,40165.0,40158.0,40130.0,40133.0,40163.0,40076.0,40189.0,40180.0,40167.0,40204.0,40189.0,40231.0,40224.0,40100.0,40143.0,40154.0,40168.0,40133.0,40161.0,40176.0,40186.0,40144.0,40142.0,40140.0,40113.0,40149.0,40186.0,5473.887735191733,1,2124.378401153,798.5822443379437,1,308.82042975718497,1334.3410180360509,1,519.2055583817363,562.2035762557292,1,218.83514819684035,101.61053520285927,1,39.43272817293787,694.6481935198037,1,268.31949071256383,1113.77214953976,1,432.95181511415603,5832.396725376879,1,2262.9415049054087,4056.273662859059,1,1572.607854149915,186.53380621126558,1,72.35056506845258,374.98454990464813,1,145.73500817968187,2758.111719397968,1,1073.751899130815,1259.7288902945083,1,489.53584992833123,2182.5821893898446,1,844.9213911541801,312.84273149331887,1,121.08480244461117,592.8646967487276,1,229.8126247507932,1368.9463150298855,1,532.5268561003172,890.9778340800686,1,345.285536357737,861.7881954769216,1,334.21666265543695,571.2300728443878,1,220.7422932589389,650.2435398165908,1,251.03509278601524,2946.4333556720367,1,1143.4577816860312,399.17315408216723,1,155.09066835256283,704.0750415228684,1,273.1799945816117,652.5681191594422,1,253.84599262410364,1356.1032243162497,1,525.7863240849645,3701.2612695704306,1,1425.9032949802854,384.4382448473033,1,149.29993980490042,5155.090399874726,1,1998.0900892575219,2043.1260909995597,1,788.5275788374636,2917.470340007361,1,1136.8907660020222,432.5549139120985,1,167.92991792222062,1896.8870217168937,1,734.2544729169285,1294.9758005343015,1,505.95661811742127,198.94314455507183,1,76.97543849887698,340.95662780157176,1,132.96384712233996,1015.9235612485171,1,395.620193501312,946.3671772486722,1,367.38398624015156,308.72818722265373,1,119.68283510347848,3659.0822313895196,1,1419.7465050816536,784.7726595583603,1,302.8861417330527,4526.276493881017,1,1751.8414466761474,581.130513801506,1,225.73232776333992,137.84629911199,1,53.47308272750807,1228.3226393317552,1,478.0206478999979,465.0929461791393,1,180.49230292259887,6242.176286821018,1,2425.5260256547817,520.9414166725393,1,202.97767206672933,680.60602831693,1,264.21352361955553,2238.314203586298,1,871.2639013087914,6966.44367436305,1,2698.443792244444
17,2020-07-12,7.83,28.07,21.55,47.8,20.28,7.03,2.28,7.39,9.92,46.36,25.32,1.98,17.2,25.36,7.47,7.83,14.74,9.75,39.63,3.36,8.86,1.32,5.59,10.5,11.26,25.86,7.3,17.35,9.62,9.43,1.65,3.2,12.07,24.24,3.36,10.32,15.55,6.55,6.02,4.33,32.74,7.04,22.47,31.86,20.26,8.24,1.08,8.84,12.64,7.25,5.63,0.04,0.29,0.16,0.8,0.24,0.06,0.09,0.28,0.1,0.34,0.19,0.01,0.11,0.06,0.17,0.14,0.06,0.1,0.39,0.29,0.18,0.05,0.12,0.08,0.1,0.66,0.07,0.14,0.03,0.07,0.12,0.54,0.19,0.26,0.1,0.18,0.07,0.06,0.17,0.22,0.39,0.15,0.19,0.29,0.14,0.19,0.0,0.15,0.05,0.02,0.02,42383.0,42470.0,42401.0,42382.0,42347.0,42386.0,42383.0,42459.0,42328.0,42443.0,42443.0,42406.0,42398.0,42349.0,42411.0,42362.0,42387.0,42360.0,42389.0,42454.0,42429.0,42341.0,42384.0,42425.0,42329.0,42380.0,42312.0,42345.0,42366.0,42289.0,42377.0,42372.0,42414.0,42391.0,42423.0,42361.0,42363.0,42359.0,42346.0,42389.0,42368.0,42360.0,42436.0,42449.0,42412.0,42333.0,42418.0,42432.0,42470.0,42353.0,42392.0,5779.045556872118,1,2124.242048238933,845.2954145261439,1,312.5622601770323,1407.9582297866464,1,517.4124463228585,592.6307508548554,1,218.12201129217328,107.10395355906613,1,39.37708581389711,734.1201867636672,1,269.61848127565725,1175.3648975136607,1,431.78707156849896,6157.538666802022,1,2260.7661573936443,4275.780141987256,1,1569.2743457232095,197.05929751654585,1,72.68949796006508,396.2225963852565,1,146.40715734302427,2913.958980835872,1,1076.294380909123,1328.9371856358935,1,490.6015573747112,2302.6948963246273,1,846.1176245414892,331.01247624586847,1,121.77163128405459,624.2992439202962,1,228.4862725494611,1442.7750622898145,1,529.1230411044701,940.1141097900588,1,346.2620477087935,910.0732391148787,1,334.28107133970275,603.9047118194994,1,222.7480068399101,686.8619302133126,1,253.52812201726857,3107.917957014267,1,1137.8792227305723,420.5875543831993,1,154.99143572836897,743.4512329286599,1,274.56438226343533,687.727023923815,1,251.7013644222103,1431.1383696031342,1,524.3342488161364,3902.5110101685536,1,1433.9274597062417,405.62722642361797,1,148.73477257479084,5437.85473896603,1,1990.5171904802246,2155.947680963179,1,785.4177202799483,3076.305471608946,1,1130.5025157365105,456.15273300854756,1,167.47776992858434,2003.001621706882,1,736.4268234285171,1365.4193403753252,1,500.73857812919744,210.00186671626093,1,77.3566030496431,359.00831971122716,1,131.81972580412238,1069.9475394085853,1,392.38734207331356,999.6799815729802,1,368.13919196763186,325.67082221384794,1,119.25984603197804,3862.7493327282555,1,1425.4874569314702,827.754631551698,1,304.1951381528497,4777.441812991799,1,1751.503100938684,614.0498116003265,1,226.51370889790536,145.64510033365352,1,53.66179107207098,1296.3624092803068,1,475.7587687552574,490.45385837488806,1,179.79716599626505,6596.099689461759,1,2423.3489924223686,550.6872494332134,1,203.17234374710023,720.5977618881664,1,265.5030322115853,2361.1876127547503,1,870.650649266662,7348.8647848404535,1,2690.816172633836
18,2020-07-19,9.82,39.11,23.01,41.54,23.06,8.06,2.43,8.38,10.49,53.37,30.02,1.59,15.41,31.89,8.94,10.76,15.51,12.27,41.75,4.01,11.8,1.57,7.15,9.94,13.92,30.49,10.36,19.08,12.84,10.51,1.57,3.03,13.24,37.48,3.75,11.41,18.16,8.18,6.24,6.49,37.01,6.57,31.53,36.08,20.34,11.31,1.24,12.04,14.85,6.36,6.52,0.01,0.48,0.18,1.04,0.24,0.07,0.17,0.16,0.07,0.49,0.21,0.02,0.19,0.14,0.11,0.13,0.06,0.13,0.39,0.22,0.14,0.05,0.07,0.1,0.11,0.51,0.12,0.18,0.08,0.09,0.06,0.25,0.18,0.26,0.12,0.14,0.11,0.08,0.14,0.19,0.37,0.13,0.22,0.39,0.14,0.1,0.0,0.14,0.06,0.02,0.06,44589.0,44590.0,44660.0,44608.0,44627.0,44603.0,44658.0,44625.0,44625.0,44651.0,44587.0,44635.0,44600.0,44606.0,44619.0,44577.0,44571.0,44631.0,44642.0,44611.0,44652.0,44565.0,44597.0,44665.0,44621.0,44666.0,44589.0,44589.0,44584.0,44593.0,44574.0,44596.0,44639.0,44589.0,44584.0,44680.0,44654.0,44607.0,44510.0,44577.0,44592.0,44646.0,44600.0,44654.0,44587.0,44637.0,44607.0,44629.0,44583.0,44641.0,44619.0,6079.840085302383,1,2125.4692244655307,887.4905235159115,1,309.3578202962058,1482.970084249702,1,518.0765619002204,623.7570792820865,1,217.99616360311444,112.87052531420039,1,39.29362227533595,772.5183478087068,1,270.51911473273526,1238.455172903406,1,434.58800247591194,6471.658847500888,1,2257.2856013748196,4507.812531567314,1,1578.9718247827154,207.31085675874203,1,72.34127923580567,416.23770480478356,1,145.26823792736081,3067.126329047992,1,1072.652447551006,1397.9574149573295,1,487.6865340654954,2425.4175670135382,1,849.1625822546389,348.2456362173589,1,121.8028507767566,656.9422453197452,1,228.4862725494612,1517.1143817991203,1,527.6253625062969,990.5154115684636,1,346.83907714350903,958.4441609985236,1,335.2472016036903,634.5878621326539,1,221.95141137512718,722.8489690514704,1,252.1035338851238,3271.1642085529584,1,1135.3835516189197,442.5477341172975,1,154.48534934498036,782.7047570715048,1,273.8984742645834,724.9655681566904,1,253.71601515732232,1508.3347431971117,1,528.6904746226207,4112.522769720307,1,1436.6021812815607,427.12273937897504,1,148.63898151883996,5722.544391305799,1,1992.44250372869,2273.4085681191577,1,794.1355204985564,3235.793946987686,1,1122.7349841636728,480.0950458144338,1,168.52201648531587,2108.0772714521972,1,735.9073483061802,1436.2171915735742,1,500.0299554147473,220.69922508256792,1,76.8368332076893,378.66178146638725,1,132.8960473405197,1127.8105286394014,1,393.8522278766252,1052.7331839284668,1,369.03599876901455,342.3135194997962,1,119.2752274527598,4062.1335017345878,1,1414.734562990544,871.2054977849632,1,304.3905107528195,5035.261264939374,1,1765.4880580871964,645.3629370669846,1,225.1969369859525,153.21058942022105,1,53.383875146441966,1362.8433165750505,1,475.0251863299362,517.1471163461101,1,181.2106110798107,6936.494385586796,1,2416.9733950988757,579.2001615515385,1,202.93873773065508,756.4494941902548,1,262.9579494641583,2488.7440375176448,1,875.1106641185113,7734.92635013201,1,2688.042492775431
19,2020-07-26,16.11,35.79,25.54,36.11,24.54,10.37,1.93,10.51,13.03,49.09,30.39,3.04,16.05,26.4,11.04,12.55,15.64,13.05,48.77,4.36,13.25,1.35,6.89,12.54,19.37,46.4,10.81,17.65,16.07,14.63,2.45,4.06,14.18,32.9,3.62,11.17,21.73,7.38,7.13,5.81,31.11,7.9,31.69,28.43,17.18,11.95,1.14,10.92,16.52,7.32,8.61,0.04,0.54,0.18,1.07,0.27,0.09,0.07,0.14,0.1,0.58,0.42,0.03,0.16,0.24,0.12,0.17,0.11,0.09,0.68,0.2,0.15,0.02,0.06,0.08,0.15,0.67,0.12,0.2,0.17,0.1,0.14,0.19,0.29,0.4,0.09,0.16,0.16,0.1,0.11,0.16,0.93,0.08,0.25,0.52,0.16,0.09,0.0,0.08,0.12,0.03,0.07,46806.0,46847.0,46826.0,46829.0,46809.0,46894.0,46912.0,46837.0,46845.0,46885.0,46865.0,46823.0,46805.0,46817.0,46865.0,46829.0,46780.0,46798.0,46843.0,46762.0,46882.0,46864.0,46789.0,46807.0,46754.0,46878.0,46854.0,46845.0,46926.0,46798.0,46926.0,46802.0,46851.0,46908.0,46865.0,46808.0,46887.0,46779.0,46830.0,46805.0,46829.0,46847.0,46852.0,46869.0,46865.0,46832.0,46850.0,46839.0,46812.0,46866.0,46831.0,6382.134495787377,1,2114.151932598028,932.4123919073762,1,309.3180135896116,1554.893801278024,1,517.4124463228584,654.8134923265071,1,218.10802821561123,118.38923565178942,1,39.498487324531524,812.1981795426652,1,270.03415825584705,1300.9630765203233,1,435.19810623792296,6792.450093902501,1,2267.002153594037,4732.066734818394,1,1574.0220698460926,217.68313182534814,1,72.14627675022041,437.50375750053115,1,145.3429211677322,3217.4763325868516,1,1065.918306624677,1467.07167728874,1,486.87158131238107,2545.639022438076,1,849.3800792341499,365.775381369518,1,122.10724083060086,690.1305248464084,1,229.7094640240229,1592.3046550573886,1,528.2040110555915,1038.6085956080071,1,345.8625657924523,1005.6986656882272,1,334.08784528690524,665.1856629317246,1,220.13062174133785,758.9493274001396,1,252.44349241665833,3439.91561695559,1,1142.5769565878018,464.2995253405887,1,154.27696083417322,820.2409395331003,1,271.900750268028,759.6208102372852,1,252.33500457276972,1583.032196561013,1,527.1370917768979,4321.427747930549,1,1438.7235121861236,448.73320160147324,1,149.84594882381998,6023.14996649955,1,2010.9255109139594,2385.822307780152,1,791.943325121947,3406.5344540840883,1,1139.3589536046065,503.84358090876145,1,168.0913993485193,2212.5389960529337,1,738.5047239178627,1510.9124677012987,1,503.5730689869979,231.99060612539353,1,77.34175248273016,396.6965234305876,1,132.20109957686157,1184.208632066906,1,395.34237033171837,1103.992772681188,1,365.3779710265321,360.1559676067278,1,119.50594876448736,4265.1627195344545,1,1416.9215922666644,914.910348398189,1,304.48819705280437,5283.494254325468,1,1763.1196379249482,677.9494243825643,1,226.48476885588445,160.81038911489094,1,53.2809433221349,1432.472515111798,1,476.30895557424833,542.5775422344922,1,180.31851869101547,7285.286209893994,1,2432.368130099506,607.881789126185,1,201.58901408008347,794.2694238170201,1,263.94204812649673,2612.7882005847077,1,869.9816470388844,8118.3875905563145,1,2706.5914768285065
20,2020-08-02,17.22,35.4,24.55,32.25,20.46,8.52,2.32,10.0,9.67,42.09,32.26,5.64,15.24,25.6,11.99,11.99,13.2,13.7,37.41,5.85,15.43,1.53,7.31,12.14,21.18,39.6,11.37,17.0,14.7,15.39,2.08,4.73,13.37,34.09,3.35,10.95,24.97,7.9,6.99,10.76,29.38,9.04,32.37,29.08,14.27,12.08,0.6,10.77,15.47,7.13,8.22,0.08,0.45,0.3,0.89,0.34,0.13,0.08,0.07,0.1,0.82,0.45,0.03,0.22,0.38,0.14,0.15,0.13,0.13,0.75,0.23,0.18,0.04,0.07,0.1,0.2,1.0,0.18,0.26,0.09,0.12,0.07,0.14,0.27,0.46,0.07,0.27,0.2,0.16,0.12,0.13,0.79,0.19,0.22,0.65,0.14,0.23,0.01,0.16,0.13,0.08,0.02,49090.0,49081.0,49060.0,49098.0,49040.0,49069.0,49111.0,49077.0,49086.0,49108.0,49035.0,49072.0,49120.0,49029.0,49089.0,49146.0,49135.0,49067.0,49024.0,49074.0,49043.0,49038.0,49026.0,49105.0,49120.0,49037.0,48974.0,49041.0,49123.0,49081.0,49076.0,49020.0,49044.0,49104.0,49089.0,49065.0,49029.0,49084.0,49053.0,49055.0,48968.0,49010.0,49025.0,49091.0,49054.0,49034.0,49078.0,49045.0,49065.0,49114.0,49025.0,6693.564551514812,1,2118.5152258481485,976.8764831730085,1,310.5321181407322,1629.075511269377,1,518.1429734579567,686.5410930459084,1,218.48557128278787,124.03187669815104,1,39.30879746416524,849.8689058723726,1,269.56652165313346,1361.9457207322132,1,432.25851538459824,7117.301988992741,1,2269.03247793835,4958.442261613742,1,1581.497209954463,228.00433481239622,1,72.49913839080327,457.76158645126526,1,145.16554847185017,3372.017995273732,1,1072.4463003797914,1539.6338166525566,1,490.16273666149596,2665.9148521074912,1,843.8339062566267,383.1334193118163,1,122.13065545012739,724.2767254073669,1,230.32842838464444,1672.4644982095933,1,533.7522294988223,1088.9655105068184,1,345.30772979753385,1052.523779149492,1,332.0052978289765,698.0736756920459,1,221.76648742794544,793.9326791451953,1,252.26541890014028,3599.491763918321,1,1141.5493273065322,486.4978633727522,1,153.90980012465604,860.5108495689298,1,273.7933308963437,798.0616460378887,1,253.76475670736522,1655.9398827331029,1,525.4148629696831,4516.959118264198,1,1424.8887454172336,469.76891748826654,1,149.1370950097841,6305.144180291467,1,2017.9849928249996,2502.2125878917404,1,792.0962689854318,3562.6110230710206,1,1136.2374222248677,527.7213011441282,1,166.6165356549913,2316.1034454423616,1,736.7573985063673,1581.6458986527796,1,502.5745551620912,242.9998263968728,1,77.28730040404929,415.8245368766403,1,131.7858259132122,1238.3083801823177,1,392.2105455108448,1158.391185238749,1,368.37519375746956,377.2524168057403,1,120.35192690748846,4470.196714170765,1,1414.6434367707052,956.7005475317113,1,302.06557681317975,5527.441531037018,1,1754.6609944883471,709.3927800383166,1,224.15509547319863,168.4342062352325,1,53.73727440989613,1499.381345487979,1,473.06896652907903,568.0890674309466,1,180.79352892401027,7631.745498595035,1,2437.344206059305,636.5115042527326,1,202.19898534524566,832.4965666833738,1,264.51893354924687,2738.1146179216776,1,875.0549139328632,8498.728441139914,1,2689.7760426869336
21,2020-08-09,9.55,28.82,26.38,16.9,17.1,7.44,2.04,9.7,9.18,30.38,30.27,12.67,14.47,26.64,13.73,13.88,13.75,13.91,35.82,5.35,12.36,0.89,7.12,12.54,17.03,31.78,10.15,14.94,17.55,12.78,2.07,3.86,8.85,27.87,3.35,9.55,19.35,7.37,5.89,9.66,23.99,10.5,27.16,27.41,13.17,13.9,0.76,9.55,14.34,6.7,5.97,0.04,0.41,0.38,0.75,0.35,0.04,0.04,0.1,0.07,0.73,0.47,0.02,0.24,0.28,0.15,0.14,0.11,0.1,0.79,0.2,0.17,0.03,0.11,0.11,0.15,0.93,0.19,0.27,0.13,0.14,0.04,0.09,0.21,0.58,0.05,0.17,0.19,0.09,0.11,0.08,0.7,0.19,0.31,0.72,0.12,0.18,0.02,0.19,0.13,0.18,0.03,51260.0,51346.0,51259.0,51303.0,51267.0,51283.0,51307.0,51287.0,51299.0,51340.0,51282.0,51303.0,51276.0,51283.0,51337.0,51288.0,51329.0,51345.0,51252.0,51297.0,51260.0,51293.0,51267.0,51347.0,51318.0,51356.0,51271.0,51190.0,51319.0,51307.0,51311.0,51284.0,51255.0,51262.0,51311.0,51234.0,51238.0,51254.0,51327.0,51308.0,51323.0,51281.0,51281.0,51268.0,51363.0,51237.0,51323.0,51252.0,51318.0,51224.0,51291.0,6989.45037503869,1,2120.424166645078,1021.9575783908497,1,311.5869958654764,1702.0950190003468,1,515.3204822541677,717.3737768653353,1,217.40887438750622,129.66440095195983,1,39.346735436238504,888.2151072948886,1,270.96943146127444,1422.8451689765566,1,431.1769678064884,7437.803189059453,1,2265.6969450869783,5181.989357016732,1,1574.2241006598324,238.36732404635544,1,72.51306713977365,478.73824159057375,1,146.3698157228385,3525.3227749333287,1,1072.3775846560538,1607.2122064877135,1,485.8372182026594,2788.4744000617693,1,848.8907110302507,400.67877421032637,1,121.89650925486251,755.8439077990689,1,229.13471140344575,1747.1441992184841,1,530.6207197026429,1139.5221663638004,1,347.9043622537529,1100.357961997588,1,333.2075932686055,729.695670660123,1,221.97986121315517,829.8225869743432,1,252.73488544368797,3765.0134802941075,1,1141.9897398556473,508.7358944545932,1,154.0090327488499,899.799421501188,1,275.19524247287393,833.7729550360825,1,253.73226234067,1734.250639672925,1,526.5292463155276,4728.815513385137,1,1439.092439299961,490.3544154120912,1,148.49529493491383,6587.01003986682,1,1996.934901308443,2615.696934597125,1,793.1668760298217,3724.858061064413,1,1131.3010470196996,552.0942310868109,1,167.72537478224223,2420.517945031976,1,734.396147950293,1651.155344915664,1,500.1910060316675,253.99914629041007,1,77.33680229375918,434.2067527226697,1,130.98070350409608,1294.1003239670724,1,391.83169573412624,1209.6035736335025,1,367.5255873140542,394.7410922346897,1,120.27501980357926,4675.504087466591,1,1422.2980392371283,1002.7107948245798,1,305.23061293268927,5783.569254297273,1,1760.7512177627,742.0371474379381,1,225.71785774232944,175.90362561911348,1,53.59660091667652,1569.9580879907664,1,477.7149885561139,593.6121782428398,1,179.53069684117037,7980.848327649722,1,2424.5930114123194,665.154197491305,1,201.49816729591043,870.7237095497273,1,264.1456547462908,2855.7475096392072,1,867.1383875708309,8891.55085108633,1,2693.069787518788
22,2020-08-16,11.46,20.68,20.14,12.69,23.6,5.93,2.31,9.45,12.85,27.01,26.82,15.58,15.97,23.96,13.72,13.23,16.43,14.6,20.05,5.29,11.12,1.34,7.85,10.79,20.01,23.82,10.68,12.07,18.58,14.33,1.65,4.29,7.45,23.64,3.42,9.09,17.26,6.74,6.43,8.05,16.82,10.8,22.66,26.15,11.24,11.05,1.28,8.72,13.28,6.94,6.94,0.04,0.38,0.31,0.7,0.32,0.08,0.05,0.14,0.07,0.84,0.66,0.11,0.22,0.26,0.14,0.2,0.11,0.12,0.75,0.21,0.13,0.02,0.1,0.14,0.12,0.9,0.15,0.24,0.21,0.08,0.04,0.08,0.2,0.53,0.05,0.19,0.18,0.1,0.18,0.08,0.66,0.1,0.29,0.75,0.12,0.1,0.02,0.17,0.1,0.23,0.05,53517.0,53562.0,53597.0,53571.0,53471.0,53484.0,53507.0,53540.0,53507.0,53491.0,53550.0,53547.0,53519.0,53446.0,53492.0,53536.0,53453.0,53522.0,53480.0,53589.0,53510.0,53560.0,53476.0,53450.0,53522.0,53542.0,53558.0,53479.0,53482.0,53475.0,53474.0,53503.0,53593.0,53562.0,53481.0,53486.0,53486.0,53559.0,53512.0,53534.0,53516.0,53494.0,53520.0,53495.0,53511.0,53515.0,53607.0,53511.0,53590.0,53500.0,53482.0,7297.198902086336,1,2118.6515787622156,1066.063409297135,1,311.9054495182294,1779.7301299939832,1,519.8364681802304,749.0873945081747,1,218.72328358434368,135.2387536485896,1,39.21268793491299,926.3361503531349,1,269.7743601432285,1483.855545177629,1,429.318924531274,7764.540385326556,1,2264.391736579919,5405.031375385374,1,1573.112931184265,248.35423705811448,1,72.31342173786493,499.91094023585714,1,146.01507033107453,3679.520859001519,1,1071.552995971197,1677.517553612137,1,489.5045055916728,2906.0858917321784,1,841.9308076859079,417.49827590351555,1,121.42041199115738,788.9732383390062,1,229.3852445970307,1819.4412297302817,1,527.1488284068785,1187.837284801311,1,346.63933618533827,1148.1921448456844,1,333.85168011126405,762.2991850401647,1,223.16052949131551,866.2467153530453,1,251.69882134758257,3931.416021768124,1,1145.292833974011,530.6563811390139,1,153.95941643675297,936.652172069225,1,271.09465111152315,869.5817471343623,1,253.87848699079893,1808.07009403707,1,526.9344766231079,4939.749590721483,1,1445.825359127488,512.2809881192269,1,149.45320549442164,6864.640210295549,1,1996.806547091879,2726.22436660848,1,789.547204594026,3881.878348840569,1,1127.1632030977207,575.9827167505975,1,167.74690563908217,2530.93002103402,1,738.7408489734696,1725.2386286990911,1,503.8951702208392,264.74105635745593,1,76.85168377460226,453.2923913050848,1,132.06550001322097,1350.8772771712954,1,391.07399618068905,1264.0019861910632,1,367.7379889249079,411.5452944388473,1,119.90586570481514,4878.351052826781,1,1422.0246605776124,1045.5560059979389,1,304.80079321275593,6033.155626633223,1,1755.2249040507877,774.4355244803816,1,225.84808793142372,183.5445980435062,1,53.274081200514445,1635.6137150570237,1,474.9640544611591,620.0042102126505,1,181.02524123278823,8336.015749280412,1,2430.1910968670927,694.4717525551631,1,202.7181098262347,909.2732295640884,1,266.1986881625487,2982.634932174324,1,870.9294001949029,9271.371636696478,1,2698.6171472355954
23,2020-08-23,9.73,19.31,18.5,8.96,14.98,5.59,3.0,7.49,6.51,18.06,23.09,15.72,18.08,17.42,16.04,11.96,15.84,14.45,15.5,4.48,9.09,1.77,6.51,11.23,18.26,27.64,9.26,14.0,24.16,11.2,1.25,3.26,6.73,19.96,3.11,7.96,17.41,5.68,5.14,9.26,15.24,16.18,21.71,19.06,11.02,10.51,0.96,7.22,12.17,5.64,7.23,0.07,0.34,0.42,0.52,0.33,0.06,0.03,0.14,0.09,0.58,0.56,0.05,0.25,0.27,0.16,0.18,0.12,0.22,0.73,0.2,0.12,0.04,0.1,0.15,0.2,0.75,0.11,0.26,0.21,0.12,0.06,0.05,0.21,0.58,0.04,0.19,0.23,0.11,0.13,0.12,0.65,0.13,0.41,0.62,0.1,0.13,0.0,0.16,0.11,0.13,0.17,55818.0,55792.0,55808.0,55785.0,55791.0,55698.0,55744.0,55740.0,55836.0,55791.0,55759.0,55726.0,55801.0,55707.0,55675.0,55715.0,55745.0,55802.0,55774.0,55727.0,55771.0,55766.0,55743.0,55725.0,55746.0,55677.0,55671.0,55748.0,55713.0,55723.0,55813.0,55652.0,55665.0,55753.0,55797.0,55730.0,55704.0,55788.0,55772.0,55709.0,55776.0,55737.0,55765.0,55696.0,55752.0,55700.0,55789.0,55675.0,55695.0,55714.0,55750.0,7610.946957352899,1,2137.059222161166,1110.4478871495792,1,311.86564281163544,1853.1481070713699,1,518.807089035319,780.0459260166606,1,217.84234976093137,141.10649332925254,1,39.495958126393276,964.6823517756509,1,270.03415825584716,1545.8920049784467,1,432.1198554386867,8083.591353718757,1,2251.1946283418783,5640.296257985268,1,1584.0225951262091,259.0329446020689,1,72.4991383908033,520.5328499834017,1,145.54830007875353,3829.2524210267366,1,1071.1407016287685,1749.0453298662317,1,489.3164395717233,3029.0260594006,1,846.4438700107553,434.53631404561855,1,121.69358255229969,821.0856988579222,1,228.22100210919461,1897.4566694351029,1,528.5103544052174,1238.4383275378864,1,347.46049345781773,1197.4433187476288,1,335.65512327070724,792.7120618920536,1,221.48198904766582,902.8489172482656,1,252.6053774316748,4093.34103565947,1,1146.9076799874333,553.1524170437589,1,153.97926296159164,976.5190325268019,1,272.44399100393343,905.7154828995958,1,253.14736374015365,1880.1673195939998,1,524.0640952777501,5134.635338605917,1,1433.3740690354866,534.0159787144611,1,149.5777338671578,7150.998467450655,1,1995.9080675759287,2840.830301646084,1,797.7042106465244,4051.6751371477476,1,1134.2047971403867,599.1176224249903,1,166.56270851289173,2628.7802440777477,1,731.893222360854,1795.811009033651,1,500.8352084993496,276.20569401426616,1,77.26254945919433,472.31023010567947,1,131.3536023041077,1406.8965308220813,1,390.9729695735642,1316.6067851458586,1,370.2396078971864,428.92629992232384,1,120.1981126996701,5076.550580975214,1,1417.4683495856943,1089.710213591095,1,304.93755403273474,6286.125456343813,1,1759.8489624627964,806.9207216488879,1,225.7902078473819,191.0963628868328,1,53.2500637748428,1704.1119740214012,1,475.789334689646,645.3187799466435,1,180.22583376750424,8675.321928789243,1,2433.1456419682245,722.5563869766722,1,201.61497030413295,944.9892241196474,1,264.3831958027174,3106.065843199258,1,867.7516396129599,9664.540756625194,1,2698.097082262144
24,2020-08-30,10.72,29.65,20.27,7.02,13.25,5.14,3.91,7.47,8.64,13.98,20.65,17.54,36.94,16.48,15.2,13.6,21.01,15.25,14.26,5.2,8.67,1.88,8.19,14.21,20.47,22.95,11.98,15.15,,15.93,1.54,3.33,6.04,15.32,3.21,9.12,17.53,5.47,4.97,8.91,17.58,33.04,19.35,16.95,12.16,11.35,1.35,6.34,12.53,6.68,5.95,0.12,0.43,0.46,0.51,0.28,0.06,0.03,0.04,0.1,0.53,0.61,0.14,0.34,0.42,0.15,0.15,0.08,0.17,0.57,0.23,0.14,0.03,0.13,0.13,0.2,0.96,0.16,0.22,,0.13,0.04,0.05,0.17,0.49,0.04,0.18,0.26,0.12,0.11,0.22,0.57,0.11,0.37,0.52,0.1,0.17,0.0,0.1,0.09,0.28,0.17,57969.0,58002.0,58012.0,58013.0,57975.0,57974.0,57985.0,58031.0,57879.0,57898.0,58013.0,57956.0,57976.0,57959.0,57972.0,57990.0,57937.0,57936.0,57967.0,58039.0,58040.0,57978.0,58047.0,57972.0,58013.0,58022.0,58027.0,57966.0,57963.0,58022.0,58010.0,57971.0,57972.0,57959.0,57894.0,57962.0,57915.0,57870.0,57896.0,58001.0,57962.0,57939.0,57993.0,57909.0,57907.0,57936.0,57954.0,57948.0,57973.0,57963.0,57967.0,7904.242075509517,1,2125.196518637399,1154.434297936082,1,309.1388834099381,1926.33364369668,1,518.3754139100336,811.2002205970158,1,218.56946974216044,146.630262063118,1,39.52630850405188,1004.1023853969905,1,269.98219863332326,1608.0393927359937,1,432.674495222333,8415.839430348999,1,2258.3007635469767,5846.670734220384,1,1570.8905922331278,268.81556929559576,1,71.75627177904991,541.5748529580352,1,145.35225657277869,3982.4884849625946,1,1068.5295041267227,1817.2192620978954,1,488.2820764620019,3151.4768588651223,1,848.781962540495,452.4641077297278,1,121.45163148385933,854.6129350582592,1,230.3136911379629,1972.0682941440766,1,529.2932318542621,1285.7991280641372,1,345.6850182740784,1244.5260669459572,1,334.4528278310785,825.600074652375,1,221.69536283287562,939.580627155499,1,252.7186969421864,4255.706462099932,1,1147.7885050856648,576.0156136580212,1,155.42805927482186,1015.8952239325932,1,272.4439910039333,942.5478475487793,1,254.8208236249643,1959.3560755335786,1,528.2177059304445,5351.933408655953,1,1449.4223984873993,555.2624349243462,1,149.6352085007282,7439.795454720483,1,2001.9407157544529,2958.0362823629216,1,802.0886013997424,4211.163612526488,1,1134.8581409175417,624.0826509307682,1,167.92991792222062,2737.728344735025,1,734.7267230281432,1866.8665412189728,1,501.4472008436476,286.5862402864298,1,76.58437357016888,491.22636923354383,1,132.21804952231668,1462.7389879103985,1,392.7914485018132,1365.7423577900415,1,366.06237621706134,445.26136879263544,1,119.5905465787875,5285.411876844737,1,1422.6625441164815,1132.4186639444752,1,304.66403239277713,6534.471227642395,1,1757.0294146505958,839.1599284602161,1,225.11011685988956,198.68930045988222,1,53.0442001262287,1769.9815626283769,1,473.6191533480701,671.2242160680205,1,180.77035769313244,9011.98456794443,1,2415.8848784826705,752.0556356088765,1,201.3683861756631,983.6405474439056,1,263.0427855557392,3231.4480107218756,1,870.2603979671253,10048.86877200525,1,2700.003987164796
