,date,state,all_new_hospitalizations
0,2020-03-01 00:00:00,AK,
1,2020-03-08 00:00:00,AK,
2,2020-03-15 00:00:00,AK,
3,2020-03-22 00:00:00,AK,
4,2020-03-29 00:00:00,AK,
5,2020-04-05 00:00:00,AK,0.0
6,2020-04-12 00:00:00,AK,0.0
7,2020-04-19 00:00:00,AK,0.0
8,2020-04-26 00:00:00,AK,0.0
9,2020-05-03 00:00:00,AK,0.0
10,2020-05-10 00:00:00,AK,0.0
11,2020-05-17 00:00:00,AK,0.0
12,2020-05-24 00:00:00,AK,0.0
13,2020-05-31 00:00:00,AK,0.0
14,2020-06-07 00:00:00,AK,0.0
15,2020-06-14 00:00:00,AK,0.0
16,2020-06-21 00:00:00,AK,0.0
17,2020-06-28 00:00:00,AK,0.0
18,2020-07-05 00:00:00,AK,0.0
19,2020-07-12 00:00:00,AK,0.0
20,2020-07-19 00:00:00,AK,39.0
21,2020-07-26 00:00:00,AK,96.0
22,2020-08-02 00:00:00,AK,81.0
23,2020-08-09 00:00:00,AK,83.0
24,2020-08-16 00:00:00,AK,64.0
25,2020-08-23 00:00:00,AK,69.0
26,2020-08-30 00:00:00,AK,78.0
27,2020-03-01 00:00:00,AL,
28,2020-03-08 00:00:00,AL,
29,2020-03-15 00:00:00,AL,0.0
30,2020-03-22 00:00:00,AL,0.0
31,2020-03-29 00:00:00,AL,0.0
32,2020-04-05 00:00:00,AL,0.0
33,2020-04-12 00:00:00,AL,0.0
34,2020-04-19 00:00:00,AL,0.0
35,2020-04-26 00:00:00,AL,0.0
36,2020-05-03 00:00:00,AL,0.0
37,2020-05-10 00:00:00,AL,0.0
38,2020-05-17 00:00:00,AL,0.0
39,2020-05-24 00:00:00,AL,0.0
40,2020-05-31 00:00:00,AL,0.0
41,2020-06-07 00:00:00,AL,0.0
42,2020-06-14 00:00:00,AL,0.0
43,2020-06-21 00:00:00,AL,0.0
44,2020-06-28 00:00:00,AL,0.0
45,2020-07-05 00:00:00,AL,0.0
46,2020-07-12 00:00:00,AL,0.0
47,2020-07-19 00:00:00,AL,1159.0
48,2020-07-26 00:00:00,AL,1718.0
49,2020-08-02 00:00:00,AL,1214.0
50,2020-08-09 00:00:00,AL,949.0
51,2020-08-16 00:00:00,AL,1056.0
52,2020-08-23 00:00:00,AL,1316.0
53,2020-08-30 00:00:00,AL,1723.0
54,2020-03-01 00:00:00,AR,
55,2020-03-08 00:00:00,AR,
56,2020-03-15 00:00:00,AR,
57,2020-03-22 00:00:00,AR,0.0
58,2020-03-29 00:00:00,AR,0.0
59,2020-04-05 00:00:00,AR,0.0
60,2020-04-12 00:00:00,AR,0.0
61,2020-04-19 00:00:00,AR,0.0
62,2020-04-26 00:00:00,AR,0.0
63,2020-05-03 00:00:00,AR,0.0
64,2020-05-10 00:00:00,AR,0.0
65,2020-05-17 00:00:00,AR,0.0
66,2020-05-24 00:00:00,AR,0.0
67,2020-05-31 00:00:00,AR,0.0
68,2020-06-07 00:00:00,AR,0.0
69,2020-06-14 00:00:00,AR,0.0
70,2020-06-21 00:00:00,AR,0.0
71,2020-06-28 00:00:00,AR,0.0
72,2020-07-05 00:00:00,AR,0.0
73,2020-07-12 00:00:00,AR,0.0
74,2020-07-19 00:00:00,AR,574.0
75,2020-07-26 00:00:00,AR,1149.0
76,2020-08-02 00:00:00,AR,1602.0
77,2020-08-09 00:00:00,AR,1593.0
78,2020-08-16 00:00:00,AR,1604.0
79,2020-08-23 00:00:00,AR,1562.0
80,2020-08-30 00:00:00,AR,1347.0
81,2020-03-01 00:00:00,AZ,
82,2020-03-08 00:00:00,AZ,
83,2020-03-15 00:00:00,AZ,0.0
84,2020-03-22 00:00:00,AZ,0.0
85,2020-03-29 00:00:00,AZ,0.0
86,2020-04-05 00:00:00,AZ,0.0
87,2020-04-12 00:00:00,AZ,0.0
88,2020-04-19 00:00:00,AZ,0.0
89,2020-04-26 00:00:00,AZ,0.0
90,2020-05-03 00:00:00,AZ,76.0
91,2020-05-10 00:00:00,AZ,134.0
92,2020-05-17 00:00:00,AZ,86.0
93,2020-05-24 00:00:00,AZ,164.0
94,2020-05-31 00:00:00,AZ,69.0
95,2020-06-07 00:00:00,AZ,12.0
96,2020-06-14 00:00:00,AZ,44.0
97,2020-06-21 00:00:00,AZ,10.0
98,2020-06-28 00:00:00,AZ,103.0
99,2020-07-05 00:00:00,AZ,296.0
100,2020-07-12 00:00:00,AZ,225.0
101,2020-07-19 00:00:00,AZ,1332.0
102,2020-07-26 00:00:00,AZ,2503.0
103,2020-08-02 00:00:00,AZ,2524.0
104,2020-08-09 00:00:00,AZ,1894.0
105,2020-08-16 00:00:00,AZ,1636.0
106,2020-08-23 00:00:00,AZ,1724.0
107,2020-08-30 00:00:00,AZ,1606.0
108,2020-03-01 00:00:00,CA,
109,2020-03-08 00:00:00,CA,
110,2020-03-15 00:00:00,CA,0.0
111,2020-03-22 00:00:00,CA,0.0
112,2020-03-29 00:00:00,CA,0.0
113,2020-04-05 00:00:00,CA,0.0
114,2020-04-12 00:00:00,CA,0.0
115,2020-04-19 00:00:00,CA,0.0
116,2020-04-26 00:00:00,CA,0.0
117,2020-05-03 00:00:00,CA,0.0
118,2020-05-10 00:00:00,CA,0.0
119,2020-05-17 00:00:00,CA,0.0
120,2020-05-24 00:00:00,CA,0.0
121,2020-05-31 00:00:00,CA,0.0
122,2020-06-07 00:00:00,CA,0.0
123,2020-06-14 00:00:00,CA,0.0
124,2020-06-21 00:00:00,CA,0.0
125,2020-06-28 00:00:00,CA,0.0
126,2020-07-05 00:00:00,CA,0.0
127,2020-07-12 00:00:00,CA,0.0
128,2020-07-19 00:00:00,CA,3145.0
129,2020-07-26 00:00:00,CA,6858.0
130,2020-08-02 00:00:00,CA,9542.0
131,2020-08-09 00:00:00,CA,8756.0
132,2020-08-16 00:00:00,CA,8254.0
133,2020-08-23 00:00:00,CA,7614.0
134,2020-08-30 00:00:00,CA,6757.0
135,2020-03-01 00:00:00,CO,
136,2020-03-08 00:00:00,CO,
137,2020-03-15 00:00:00,CO,
138,2020-03-22 00:00:00,CO,0.0
139,2020-03-29 00:00:00,CO,0.0
140,2020-04-05 00:00:00,CO,0.0
141,2020-04-12 00:00:00,CO,0.0
142,2020-04-19 00:00:00,CO,0.0
143,2020-04-26 00:00:00,CO,0.0
144,2020-05-03 00:00:00,CO,0.0
145,2020-05-10 00:00:00,CO,0.0
146,2020-05-17 00:00:00,CO,0.0
147,2020-05-24 00:00:00,CO,0.0
148,2020-05-31 00:00:00,CO,0.0
149,2020-06-07 00:00:00,CO,0.0
150,2020-06-14 00:00:00,CO,0.0
151,2020-06-21 00:00:00,CO,0.0
152,2020-06-28 00:00:00,CO,0.0
153,2020-07-05 00:00:00,CO,0.0
154,2020-07-12 00:00:00,CO,0.0
155,2020-07-19 00:00:00,CO,347.0
156,2020-07-26 00:00:00,CO,702.0
157,2020-08-02 00:00:00,CO,761.0
158,2020-08-09 00:00:00,CO,756.0
159,2020-08-16 00:00:00,CO,795.0
160,2020-08-23 00:00:00,CO,648.0
161,2020-08-30 00:00:00,CO,634.0
162,2020-03-01 00:00:00,CT,
163,2020-03-08 00:00:00,CT,
164,2020-03-15 00:00:00,CT,
165,2020-03-22 00:00:00,CT,
166,2020-03-29 00:00:00,CT,0.0
167,2020-04-05 00:00:00,CT,0.0
168,2020-04-12 00:00:00,CT,0.0
169,2020-04-19 00:00:00,CT,0.0
170,2020-04-26 00:00:00,CT,0.0
171,2020-05-03 00:00:00,CT,0.0
172,2020-05-10 00:00:00,CT,0.0
173,2020-05-17 00:00:00,CT,0.0
174,2020-05-24 00:00:00,CT,0.0
175,2020-05-31 00:00:00,CT,0.0
176,2020-06-07 00:00:00,CT,0.0
177,2020-06-14 00:00:00,CT,0.0
178,2020-06-21 00:00:00,CT,0.0
179,2020-06-28 00:00:00,CT,0.0
180,2020-07-05 00:00:00,CT,0.0
181,2020-07-12 00:00:00,CT,0.0
182,2020-07-19 00:00:00,CT,211.0
183,2020-07-26 00:00:00,CT,355.0
184,2020-08-02 00:00:00,CT,396.0
185,2020-08-09 00:00:00,CT,701.0
186,2020-08-16 00:00:00,CT,554.0
187,2020-08-23 00:00:00,CT,555.0
188,2020-08-30 00:00:00,CT,488.0
189,2020-03-01 00:00:00,DC,
190,2020-03-08 00:00:00,DC,
191,2020-03-15 00:00:00,DC,
192,2020-03-22 00:00:00,DC,
193,2020-03-29 00:00:00,DC,
194,2020-04-05 00:00:00,DC,0.0
195,2020-04-12 00:00:00,DC,0.0
196,2020-04-19 00:00:00,DC,0.0
197,2020-04-26 00:00:00,DC,0.0
198,2020-05-03 00:00:00,DC,0.0
199,2020-05-10 00:00:00,DC,0.0
200,2020-05-17 00:00:00,DC,0.0
201,2020-05-24 00:00:00,DC,0.0
202,2020-05-31 00:00:00,DC,0.0
203,2020-06-07 00:00:00,DC,0.0
204,2020-06-14 00:00:00,DC,0.0
205,2020-06-21 00:00:00,DC,0.0
206,2020-06-28 00:00:00,DC,0.0
207,2020-07-05 00:00:00,DC,0.0
208,2020-07-12 00:00:00,DC,0.0
209,2020-07-19 00:00:00,DC,22.0
210,2020-07-26 00:00:00,DC,331.0
211,2020-08-02 00:00:00,DC,382.0
212,2020-08-09 00:00:00,DC,464.0
213,2020-08-16 00:00:00,DC,557.0
214,2020-08-23 00:00:00,DC,481.0
215,2020-08-30 00:00:00,DC,461.0
216,2020-03-01 00:00:00,DE,
217,2020-03-08 00:00:00,DE,
218,2020-03-15 00:00:00,DE,
219,2020-03-22 00:00:00,DE,
220,2020-03-29 00:00:00,DE,
221,2020-04-05 00:00:00,DE,0.0
222,2020-04-12 00:00:00,DE,0.0
223,2020-04-19 00:00:00,DE,0.0
224,2020-04-26 00:00:00,DE,0.0
225,2020-05-03 00:00:00,DE,0.0
226,2020-05-10 00:00:00,DE,0.0
227,2020-05-17 00:00:00,DE,0.0
228,2020-05-24 00:00:00,DE,0.0
229,2020-05-31 00:00:00,DE,0.0
230,2020-06-07 00:00:00,DE,0.0
231,2020-06-14 00:00:00,DE,0.0
232,2020-06-21 00:00:00,DE,0.0
233,2020-06-28 00:00:00,DE,0.0
234,2020-07-05 00:00:00,DE,0.0
235,2020-07-12 00:00:00,DE,0.0
236,2020-07-19 00:00:00,DE,8.0
237,2020-07-26 00:00:00,DE,8.0
238,2020-08-02 00:00:00,DE,7.0
239,2020-08-09 00:00:00,DE,20.0
240,2020-08-16 00:00:00,DE,55.0
241,2020-08-23 00:00:00,DE,162.0
242,2020-08-30 00:00:00,DE,180.0
243,2020-03-01 00:00:00,FL,
244,2020-03-08 00:00:00,FL,
245,2020-03-15 00:00:00,FL,
246,2020-03-22 00:00:00,FL,0.0
247,2020-03-29 00:00:00,FL,0.0
248,2020-04-05 00:00:00,FL,0.0
249,2020-04-12 00:00:00,FL,0.0
250,2020-04-19 00:00:00,FL,0.0
251,2020-04-26 00:00:00,FL,0.0
252,2020-05-03 00:00:00,FL,0.0
253,2020-05-10 00:00:00,FL,0.0
254,2020-05-17 00:00:00,FL,0.0
255,2020-05-24 00:00:00,FL,0.0
256,2020-05-31 00:00:00,FL,0.0
257,2020-06-07 00:00:00,FL,0.0
258,2020-06-14 00:00:00,FL,0.0
259,2020-06-21 00:00:00,FL,0.0
260,2020-06-28 00:00:00,FL,0.0
261,2020-07-05 00:00:00,FL,0.0
262,2020-07-12 00:00:00,FL,0.0
263,2020-07-19 00:00:00,FL,4048.0
264,2020-07-26 00:00:00,FL,9169.0
265,2020-08-02 00:00:00,FL,8107.0
266,2020-08-09 00:00:00,FL,6777.0
267,2020-08-16 00:00:00,FL,6292.0
268,2020-08-23 00:00:00,FL,5378.0
269,2020-08-30 00:00:00,FL,4714.0
270,2020-03-01 00:00:00,GA,
271,2020-03-08 00:00:00,GA,
272,2020-03-15 00:00:00,GA,0.0
273,2020-03-22 00:00:00,GA,0.0
274,2020-03-29 00:00:00,GA,0.0
275,2020-04-05 00:00:00,GA,0.0
276,2020-04-12 00:00:00,GA,0.0
277,2020-04-19 00:00:00,GA,0.0
278,2020-04-26 00:00:00,GA,0.0
279,2020-05-03 00:00:00,GA,0.0
280,2020-05-10 00:00:00,GA,0.0
281,2020-05-17 00:00:00,GA,0.0
282,2020-05-24 00:00:00,GA,0.0
283,2020-05-31 00:00:00,GA,0.0
284,2020-06-07 00:00:00,GA,0.0
285,2020-06-14 00:00:00,GA,0.0
286,2020-06-21 00:00:00,GA,0.0
287,2020-06-28 00:00:00,GA,0.0
288,2020-07-05 00:00:00,GA,0.0
289,2020-07-12 00:00:00,GA,0.0
290,2020-07-19 00:00:00,GA,1211.0
291,2020-07-26 00:00:00,GA,2500.0
292,2020-08-02 00:00:00,GA,2542.0
293,2020-08-09 00:00:00,GA,2157.0
294,2020-08-16 00:00:00,GA,2812.0
295,2020-08-23 00:00:00,GA,4880.0
296,2020-08-30 00:00:00,GA,3423.0
297,2020-03-01 00:00:00,HI,
298,2020-03-08 00:00:00,HI,
299,2020-03-15 00:00:00,HI,0.0
300,2020-03-22 00:00:00,HI,0.0
301,2020-03-29 00:00:00,HI,118.0
302,2020-04-05 00:00:00,HI,143.0
303,2020-04-12 00:00:00,HI,54.0
304,2020-04-19 00:00:00,HI,73.0
305,2020-04-26 00:00:00,HI,77.0
306,2020-05-03 00:00:00,HI,39.0
307,2020-05-10 00:00:00,HI,45.0
308,2020-05-17 00:00:00,HI,80.0
309,2020-05-24 00:00:00,HI,21.0
310,2020-05-31 00:00:00,HI,45.0
311,2020-06-07 00:00:00,HI,37.0
312,2020-06-14 00:00:00,HI,33.0
313,2020-06-21 00:00:00,HI,54.0
314,2020-06-28 00:00:00,HI,56.0
315,2020-07-05 00:00:00,HI,80.0
316,2020-07-12 00:00:00,HI,90.0
317,2020-07-19 00:00:00,HI,196.0
318,2020-07-26 00:00:00,HI,206.0
319,2020-08-02 00:00:00,HI,144.0
320,2020-08-09 00:00:00,HI,222.0
321,2020-08-16 00:00:00,HI,362.0
322,2020-08-23 00:00:00,HI,476.0
323,2020-08-30 00:00:00,HI,631.0
324,2020-03-01 00:00:00,IA,
325,2020-03-08 00:00:00,IA,
326,2020-03-15 00:00:00,IA,0.0
327,2020-03-22 00:00:00,IA,0.0
328,2020-03-29 00:00:00,IA,0.0
329,2020-04-05 00:00:00,IA,0.0
330,2020-04-12 00:00:00,IA,22.0
331,2020-04-19 00:00:00,IA,90.0
332,2020-04-26 00:00:00,IA,13.0
333,2020-05-03 00:00:00,IA,0.0
334,2020-05-10 00:00:00,IA,49.0
335,2020-05-17 00:00:00,IA,45.0
336,2020-05-24 00:00:00,IA,43.0
337,2020-05-31 00:00:00,IA,24.0
338,2020-06-07 00:00:00,IA,0.0
339,2020-06-14 00:00:00,IA,3.0
340,2020-06-21 00:00:00,IA,7.0
341,2020-06-28 00:00:00,IA,33.0
342,2020-07-05 00:00:00,IA,33.0
343,2020-07-12 00:00:00,IA,58.0
344,2020-07-19 00:00:00,IA,145.0
345,2020-07-26 00:00:00,IA,396.0
346,2020-08-02 00:00:00,IA,486.0
347,2020-08-09 00:00:00,IA,481.0
348,2020-08-16 00:00:00,IA,582.0
349,2020-08-23 00:00:00,IA,539.0
350,2020-08-30 00:00:00,IA,544.0
351,2020-03-01 00:00:00,ID,
352,2020-03-08 00:00:00,ID,
353,2020-03-15 00:00:00,ID,
354,2020-03-22 00:00:00,ID,0.0
355,2020-03-29 00:00:00,ID,0.0
356,2020-04-05 00:00:00,ID,0.0
357,2020-04-12 00:00:00,ID,0.0
358,2020-04-19 00:00:00,ID,0.0
359,2020-04-26 00:00:00,ID,0.0
360,2020-05-03 00:00:00,ID,0.0
361,2020-05-10 00:00:00,ID,0.0
362,2020-05-17 00:00:00,ID,0.0
363,2020-05-24 00:00:00,ID,0.0
364,2020-05-31 00:00:00,ID,0.0
365,2020-06-07 00:00:00,ID,0.0
366,2020-06-14 00:00:00,ID,0.0
367,2020-06-21 00:00:00,ID,0.0
368,2020-06-28 00:00:00,ID,0.0
369,2020-07-05 00:00:00,ID,0.0
370,2020-07-12 00:00:00,ID,0.0
371,2020-07-19 00:00:00,ID,61.0
372,2020-07-26 00:00:00,ID,146.0
373,2020-08-02 00:00:00,ID,174.0
374,2020-08-09 00:00:00,ID,165.0
375,2020-08-16 00:00:00,ID,134.0
376,2020-08-23 00:00:00,ID,163.0
377,2020-08-30 00:00:00,ID,120.0
378,2020-03-01 00:00:00,IL,
379,2020-03-08 00:00:00,IL,
380,2020-03-15 00:00:00,IL,0.0
381,2020-03-22 00:00:00,IL,0.0
382,2020-03-29 00:00:00,IL,0.0
383,2020-04-05 00:00:00,IL,0.0
384,2020-04-12 00:00:00,IL,0.0
385,2020-04-19 00:00:00,IL,0.0
386,2020-04-26 00:00:00,IL,0.0
387,2020-05-03 00:00:00,IL,0.0
388,2020-05-10 00:00:00,IL,0.0
389,2020-05-17 00:00:00,IL,0.0
390,2020-05-24 00:00:00,IL,0.0
391,2020-05-31 00:00:00,IL,0.0
392,2020-06-07 00:00:00,IL,0.0
393,2020-06-14 00:00:00,IL,0.0
394,2020-06-21 00:00:00,IL,0.0
395,2020-06-28 00:00:00,IL,0.0
396,2020-07-05 00:00:00,IL,0.0
397,2020-07-12 00:00:00,IL,0.0
398,2020-07-19 00:00:00,IL,987.0
399,2020-07-26 00:00:00,IL,2085.0
400,2020-08-02 00:00:00,IL,2410.0
401,2020-08-09 00:00:00,IL,2604.0
402,2020-08-16 00:00:00,IL,2970.0
403,2020-08-23 00:00:00,IL,3374.0
404,2020-08-30 00:00:00,IL,3917.0
405,2020-03-01 00:00:00,IN,
406,2020-03-08 00:00:00,IN,
407,2020-03-15 00:00:00,IN,0.0
408,2020-03-22 00:00:00,IN,0.0
409,2020-03-29 00:00:00,IN,0.0
410,2020-04-05 00:00:00,IN,0.0
411,2020-04-12 00:00:00,IN,0.0
412,2020-04-19 00:00:00,IN,0.0
413,2020-04-26 00:00:00,IN,0.0
414,2020-05-03 00:00:00,IN,0.0
415,2020-05-10 00:00:00,IN,0.0
416,2020-05-17 00:00:00,IN,0.0
417,2020-05-24 00:00:00,IN,0.0
418,2020-05-31 00:00:00,IN,0.0
419,2020-06-07 00:00:00,IN,0.0
420,2020-06-14 00:00:00,IN,0.0
421,2020-06-21 00:00:00,IN,0.0
422,2020-06-28 00:00:00,IN,0.0
423,2020-07-05 00:00:00,IN,0.0
424,2020-07-12 00:00:00,IN,0.0
425,2020-07-19 00:00:00,IN,446.0
426,2020-07-26 00:00:00,IN,557.0
427,2020-08-02 00:00:00,IN,576.0
428,2020-08-09 00:00:00,IN,1223.0
429,2020-08-16 00:00:00,IN,1380.0
430,2020-08-23 00:00:00,IN,1530.0
431,2020-08-30 00:00:00,IN,1494.0
432,2020-03-01 00:00:00,KS,
433,2020-03-08 00:00:00,KS,
434,2020-03-15 00:00:00,KS,0.0
435,2020-03-22 00:00:00,KS,0.0
436,2020-03-29 00:00:00,KS,0.0
437,2020-04-05 00:00:00,KS,0.0
438,2020-04-12 00:00:00,KS,0.0
439,2020-04-19 00:00:00,KS,0.0
440,2020-04-26 00:00:00,KS,0.0
441,2020-05-03 00:00:00,KS,0.0
442,2020-05-10 00:00:00,KS,0.0
443,2020-05-17 00:00:00,KS,0.0
444,2020-05-24 00:00:00,KS,0.0
445,2020-05-31 00:00:00,KS,0.0
446,2020-06-07 00:00:00,KS,0.0
447,2020-06-14 00:00:00,KS,0.0
448,2020-06-21 00:00:00,KS,0.0
449,2020-06-28 00:00:00,KS,0.0
450,2020-07-05 00:00:00,KS,0.0
451,2020-07-12 00:00:00,KS,0.0
452,2020-07-19 00:00:00,KS,322.0
453,2020-07-26 00:00:00,KS,576.0
454,2020-08-02 00:00:00,KS,601.0
455,2020-08-09 00:00:00,KS,601.0
456,2020-08-16 00:00:00,KS,529.0
457,2020-08-23 00:00:00,KS,582.0
458,2020-08-30 00:00:00,KS,589.0
459,2020-03-01 00:00:00,KY,
460,2020-03-08 00:00:00,KY,
461,2020-03-15 00:00:00,KY,0.0
462,2020-03-22 00:00:00,KY,0.0
463,2020-03-29 00:00:00,KY,0.0
464,2020-04-05 00:00:00,KY,0.0
465,2020-04-12 00:00:00,KY,0.0
466,2020-04-19 00:00:00,KY,0.0
467,2020-04-26 00:00:00,KY,0.0
468,2020-05-03 00:00:00,KY,0.0
469,2020-05-10 00:00:00,KY,0.0
470,2020-05-17 00:00:00,KY,0.0
471,2020-05-24 00:00:00,KY,0.0
472,2020-05-31 00:00:00,KY,0.0
473,2020-06-07 00:00:00,KY,0.0
474,2020-06-14 00:00:00,KY,0.0
475,2020-06-21 00:00:00,KY,0.0
476,2020-06-28 00:00:00,KY,0.0
477,2020-07-05 00:00:00,KY,0.0
478,2020-07-12 00:00:00,KY,0.0
479,2020-07-19 00:00:00,KY,274.0
480,2020-07-26 00:00:00,KY,764.0
481,2020-08-02 00:00:00,KY,2194.0
482,2020-08-09 00:00:00,KY,4212.0
483,2020-08-16 00:00:00,KY,5051.0
484,2020-08-23 00:00:00,KY,3392.0
485,2020-08-30 00:00:00,KY,4530.0
486,2020-03-01 00:00:00,LA,
487,2020-03-08 00:00:00,LA,
488,2020-03-15 00:00:00,LA,0.0
489,2020-03-22 00:00:00,LA,0.0
490,2020-03-29 00:00:00,LA,0.0
491,2020-04-05 00:00:00,LA,0.0
492,2020-04-12 00:00:00,LA,891.0
493,2020-04-19 00:00:00,LA,720.0
494,2020-04-26 00:00:00,LA,614.0
495,2020-05-03 00:00:00,LA,626.0
496,2020-05-10 00:00:00,LA,351.0
497,2020-05-17 00:00:00,LA,364.0
498,2020-05-24 00:00:00,LA,232.0
499,2020-05-31 00:00:00,LA,278.0
500,2020-06-07 00:00:00,LA,318.0
501,2020-06-14 00:00:00,LA,373.0
502,2020-06-21 00:00:00,LA,352.0
503,2020-06-28 00:00:00,LA,419.0
504,2020-07-05 00:00:00,LA,567.0
505,2020-07-12 00:00:00,LA,613.0
506,2020-07-19 00:00:00,LA,1170.0
507,2020-07-26 00:00:00,LA,1628.0
508,2020-08-02 00:00:00,LA,1917.0
509,2020-08-09 00:00:00,LA,1382.0
510,2020-08-16 00:00:00,LA,1287.0
511,2020-08-23 00:00:00,LA,1162.0
512,2020-08-30 00:00:00,LA,881.0
513,2020-03-01 00:00:00,MA,
514,2020-03-08 00:00:00,MA,
515,2020-03-15 00:00:00,MA,
516,2020-03-22 00:00:00,MA,
517,2020-03-29 00:00:00,MA,
518,2020-04-05 00:00:00,MA,0.0
519,2020-04-12 00:00:00,MA,0.0
520,2020-04-19 00:00:00,MA,0.0
521,2020-04-26 00:00:00,MA,0.0
522,2020-05-03 00:00:00,MA,0.0
523,2020-05-10 00:00:00,MA,0.0
524,2020-05-17 00:00:00,MA,0.0
525,2020-05-24 00:00:00,MA,0.0
526,2020-05-31 00:00:00,MA,0.0
527,2020-06-07 00:00:00,MA,0.0
528,2020-06-14 00:00:00,MA,0.0
529,2020-06-21 00:00:00,MA,0.0
530,2020-06-28 00:00:00,MA,0.0
531,2020-07-05 00:00:00,MA,0.0
532,2020-07-12 00:00:00,MA,0.0
533,2020-07-19 00:00:00,MA,1116.0
534,2020-07-26 00:00:00,MA,1227.0
535,2020-08-02 00:00:00,MA,1130.0
536,2020-08-09 00:00:00,MA,1102.0
537,2020-08-16 00:00:00,MA,1088.0
538,2020-08-23 00:00:00,MA,903.0
539,2020-08-30 00:00:00,MA,877.0
540,2020-03-01 00:00:00,MD,
541,2020-03-08 00:00:00,MD,
542,2020-03-15 00:00:00,MD,0.0
543,2020-03-22 00:00:00,MD,0.0
544,2020-03-29 00:00:00,MD,0.0
545,2020-04-05 00:00:00,MD,0.0
546,2020-04-12 00:00:00,MD,0.0
547,2020-04-19 00:00:00,MD,0.0
548,2020-04-26 00:00:00,MD,0.0
549,2020-05-03 00:00:00,MD,0.0
550,2020-05-10 00:00:00,MD,0.0
551,2020-05-17 00:00:00,MD,0.0
552,2020-05-24 00:00:00,MD,0.0
553,2020-05-31 00:00:00,MD,0.0
554,2020-06-07 00:00:00,MD,0.0
555,2020-06-14 00:00:00,MD,0.0
556,2020-06-21 00:00:00,MD,0.0
557,2020-06-28 00:00:00,MD,0.0
558,2020-07-05 00:00:00,MD,0.0
559,2020-07-12 00:00:00,MD,0.0
560,2020-07-19 00:00:00,MD,315.0
561,2020-07-26 00:00:00,MD,1412.0
562,2020-08-02 00:00:00,MD,2583.0
563,2020-08-09 00:00:00,MD,1858.0
564,2020-08-16 00:00:00,MD,1850.0
565,2020-08-23 00:00:00,MD,1887.0
566,2020-08-30 00:00:00,MD,1784.0
567,2020-03-01 00:00:00,ME,
568,2020-03-08 00:00:00,ME,
569,2020-03-15 00:00:00,ME,0.0
570,2020-03-22 00:00:00,ME,0.0
571,2020-03-29 00:00:00,ME,0.0
572,2020-04-05 00:00:00,ME,0.0
573,2020-04-12 00:00:00,ME,0.0
574,2020-04-19 00:00:00,ME,0.0
575,2020-04-26 00:00:00,ME,0.0
576,2020-05-03 00:00:00,ME,0.0
577,2020-05-10 00:00:00,ME,0.0
578,2020-05-17 00:00:00,ME,0.0
579,2020-05-24 00:00:00,ME,0.0
580,2020-05-31 00:00:00,ME,0.0
581,2020-06-07 00:00:00,ME,0.0
582,2020-06-14 00:00:00,ME,0.0
583,2020-06-21 00:00:00,ME,0.0
584,2020-06-28 00:00:00,ME,0.0
585,2020-07-05 00:00:00,ME,0.0
586,2020-07-12 00:00:00,ME,0.0
587,2020-07-19 00:00:00,ME,64.0
588,2020-07-26 00:00:00,ME,175.0
589,2020-08-02 00:00:00,ME,211.0
590,2020-08-09 00:00:00,ME,170.0
591,2020-08-16 00:00:00,ME,179.0
592,2020-08-23 00:00:00,ME,189.0
593,2020-08-30 00:00:00,ME,222.0
594,2020-03-01 00:00:00,MI,
595,2020-03-08 00:00:00,MI,
596,2020-03-15 00:00:00,MI,0.0
597,2020-03-22 00:00:00,MI,0.0
598,2020-03-29 00:00:00,MI,0.0
599,2020-04-05 00:00:00,MI,0.0
600,2020-04-12 00:00:00,MI,0.0
601,2020-04-19 00:00:00,MI,0.0
602,2020-04-26 00:00:00,MI,0.0
603,2020-05-03 00:00:00,MI,0.0
604,2020-05-10 00:00:00,MI,0.0
605,2020-05-17 00:00:00,MI,0.0
606,2020-05-24 00:00:00,MI,0.0
607,2020-05-31 00:00:00,MI,0.0
608,2020-06-07 00:00:00,MI,0.0
609,2020-06-14 00:00:00,MI,0.0
610,2020-06-21 00:00:00,MI,0.0
611,2020-06-28 00:00:00,MI,0.0
612,2020-07-05 00:00:00,MI,0.0
613,2020-07-12 00:00:00,MI,0.0
614,2020-07-19 00:00:00,MI,289.0
615,2020-07-26 00:00:00,MI,527.0
616,2020-08-02 00:00:00,MI,1771.0
617,2020-08-09 00:00:00,MI,931.0
618,2020-08-16 00:00:00,MI,1181.0
619,2020-08-23 00:00:00,MI,1148.0
620,2020-08-30 00:00:00,MI,1037.0
621,2020-03-01 00:00:00,MN,
622,2020-03-08 00:00:00,MN,
623,2020-03-15 00:00:00,MN,0.0
624,2020-03-22 00:00:00,MN,0.0
625,2020-03-29 00:00:00,MN,0.0
626,2020-04-05 00:00:00,MN,0.0
627,2020-04-12 00:00:00,MN,0.0
628,2020-04-19 00:00:00,MN,0.0
629,2020-04-26 00:00:00,MN,0.0
630,2020-05-03 00:00:00,MN,0.0
631,2020-05-10 00:00:00,MN,0.0
632,2020-05-17 00:00:00,MN,0.0
633,2020-05-24 00:00:00,MN,0.0
634,2020-05-31 00:00:00,MN,0.0
635,2020-06-07 00:00:00,MN,0.0
636,2020-06-14 00:00:00,MN,0.0
637,2020-06-21 00:00:00,MN,0.0
638,2020-06-28 00:00:00,MN,0.0
639,2020-07-05 00:00:00,MN,0.0
640,2020-07-12 00:00:00,MN,0.0
641,2020-07-19 00:00:00,MN,118.0
642,2020-07-26 00:00:00,MN,236.0
643,2020-08-02 00:00:00,MN,430.0
644,2020-08-09 00:00:00,MN,570.0
645,2020-08-16 00:00:00,MN,625.0
646,2020-08-23 00:00:00,MN,882.0
647,2020-08-30 00:00:00,MN,898.0
648,2020-03-01 00:00:00,MO,
649,2020-03-08 00:00:00,MO,
650,2020-03-15 00:00:00,MO,0.0
651,2020-03-22 00:00:00,MO,0.0
652,2020-03-29 00:00:00,MO,0.0
653,2020-04-05 00:00:00,MO,0.0
654,2020-04-12 00:00:00,MO,0.0
655,2020-04-19 00:00:00,MO,0.0
656,2020-04-26 00:00:00,MO,0.0
657,2020-05-03 00:00:00,MO,0.0
658,2020-05-10 00:00:00,MO,0.0
659,2020-05-17 00:00:00,MO,0.0
660,2020-05-24 00:00:00,MO,0.0
661,2020-05-31 00:00:00,MO,0.0
662,2020-06-07 00:00:00,MO,0.0
663,2020-06-14 00:00:00,MO,0.0
664,2020-06-21 00:00:00,MO,0.0
665,2020-06-28 00:00:00,MO,0.0
666,2020-07-05 00:00:00,MO,0.0
667,2020-07-12 00:00:00,MO,0.0
668,2020-07-19 00:00:00,MO,889.0
669,2020-07-26 00:00:00,MO,1921.0
670,2020-08-02 00:00:00,MO,1960.0
671,2020-08-09 00:00:00,MO,1576.0
672,2020-08-16 00:00:00,MO,1706.0
673,2020-08-23 00:00:00,MO,1820.0
674,2020-08-30 00:00:00,MO,1982.0
675,2020-03-01 00:00:00,MS,
676,2020-03-08 00:00:00,MS,
677,2020-03-15 00:00:00,MS,0.0
678,2020-03-22 00:00:00,MS,0.0
679,2020-03-29 00:00:00,MS,0.0
680,2020-04-05 00:00:00,MS,0.0
681,2020-04-12 00:00:00,MS,0.0
682,2020-04-19 00:00:00,MS,0.0
683,2020-04-26 00:00:00,MS,0.0
684,2020-05-03 00:00:00,MS,0.0
685,2020-05-10 00:00:00,MS,0.0
686,2020-05-17 00:00:00,MS,0.0
687,2020-05-24 00:00:00,MS,0.0
688,2020-05-31 00:00:00,MS,0.0
689,2020-06-07 00:00:00,MS,0.0
690,2020-06-14 00:00:00,MS,0.0
691,2020-06-21 00:00:00,MS,0.0
692,2020-06-28 00:00:00,MS,0.0
693,2020-07-05 00:00:00,MS,0.0
694,2020-07-12 00:00:00,MS,0.0
695,2020-07-19 00:00:00,MS,384.0
696,2020-07-26 00:00:00,MS,831.0
697,2020-08-02 00:00:00,MS,1159.0
698,2020-08-09 00:00:00,MS,1366.0
699,2020-08-16 00:00:00,MS,1248.0
700,2020-08-23 00:00:00,MS,1033.0
701,2020-08-30 00:00:00,MS,976.0
702,2020-03-01 00:00:00,MT,
703,2020-03-08 00:00:00,MT,
704,2020-03-15 00:00:00,MT,0.0
705,2020-03-22 00:00:00,MT,0.0
706,2020-03-29 00:00:00,MT,0.0
707,2020-04-05 00:00:00,MT,0.0
708,2020-04-12 00:00:00,MT,0.0
709,2020-04-19 00:00:00,MT,0.0
710,2020-04-26 00:00:00,MT,0.0
711,2020-05-03 00:00:00,MT,0.0
712,2020-05-10 00:00:00,MT,0.0
713,2020-05-17 00:00:00,MT,0.0
714,2020-05-24 00:00:00,MT,0.0
715,2020-05-31 00:00:00,MT,0.0
716,2020-06-07 00:00:00,MT,0.0
717,2020-06-14 00:00:00,MT,0.0
718,2020-06-21 00:00:00,MT,0.0
719,2020-06-28 00:00:00,MT,0.0
720,2020-07-05 00:00:00,MT,0.0
721,2020-07-12 00:00:00,MT,0.0
722,2020-07-19 00:00:00,MT,163.0
723,2020-07-26 00:00:00,MT,249.0
724,2020-08-02 00:00:00,MT,272.0
725,2020-08-09 00:00:00,MT,273.0
726,2020-08-16 00:00:00,MT,302.0
727,2020-08-23 00:00:00,MT,300.0
728,2020-08-30 00:00:00,MT,230.0
729,2020-03-01 00:00:00,NC,
730,2020-03-08 00:00:00,NC,
731,2020-03-15 00:00:00,NC,0.0
732,2020-03-22 00:00:00,NC,0.0
733,2020-03-29 00:00:00,NC,0.0
734,2020-04-05 00:00:00,NC,0.0
735,2020-04-12 00:00:00,NC,0.0
736,2020-04-19 00:00:00,NC,0.0
737,2020-04-26 00:00:00,NC,0.0
738,2020-05-03 00:00:00,NC,0.0
739,2020-05-10 00:00:00,NC,0.0
740,2020-05-17 00:00:00,NC,0.0
741,2020-05-24 00:00:00,NC,0.0
742,2020-05-31 00:00:00,NC,0.0
743,2020-06-07 00:00:00,NC,0.0
744,2020-06-14 00:00:00,NC,0.0
745,2020-06-21 00:00:00,NC,0.0
746,2020-06-28 00:00:00,NC,0.0
747,2020-07-05 00:00:00,NC,0.0
748,2020-07-12 00:00:00,NC,0.0
749,2020-07-19 00:00:00,NC,1039.0
750,2020-07-26 00:00:00,NC,1801.0
751,2020-08-02 00:00:00,NC,3234.0
752,2020-08-09 00:00:00,NC,3066.0
753,2020-08-16 00:00:00,NC,2870.0
754,2020-08-23 00:00:00,NC,2829.0
755,2020-08-30 00:00:00,NC,3537.0
756,2020-03-01 00:00:00,ND,
757,2020-03-08 00:00:00,ND,
758,2020-03-15 00:00:00,ND,0.0
759,2020-03-22 00:00:00,ND,0.0
760,2020-03-29 00:00:00,ND,0.0
761,2020-04-05 00:00:00,ND,0.0
762,2020-04-12 00:00:00,ND,0.0
763,2020-04-19 00:00:00,ND,0.0
764,2020-04-26 00:00:00,ND,0.0
765,2020-05-03 00:00:00,ND,0.0
766,2020-05-10 00:00:00,ND,0.0
767,2020-05-17 00:00:00,ND,0.0
768,2020-05-24 00:00:00,ND,0.0
769,2020-05-31 00:00:00,ND,0.0
770,2020-06-07 00:00:00,ND,0.0
771,2020-06-14 00:00:00,ND,0.0
772,2020-06-21 00:00:00,ND,0.0
773,2020-06-28 00:00:00,ND,0.0
774,2020-07-05 00:00:00,ND,0.0
775,2020-07-12 00:00:00,ND,0.0
776,2020-07-19 00:00:00,ND,0.0
777,2020-07-26 00:00:00,ND,0.0
778,2020-08-02 00:00:00,ND,88.0
779,2020-08-09 00:00:00,ND,173.0
780,2020-08-16 00:00:00,ND,123.0
781,2020-08-23 00:00:00,ND,101.0
782,2020-08-30 00:00:00,ND,128.0
783,2020-03-01 00:00:00,NE,
784,2020-03-08 00:00:00,NE,
785,2020-03-15 00:00:00,NE,0.0
786,2020-03-22 00:00:00,NE,0.0
787,2020-03-29 00:00:00,NE,0.0
788,2020-04-05 00:00:00,NE,0.0
789,2020-04-12 00:00:00,NE,0.0
790,2020-04-19 00:00:00,NE,0.0
791,2020-04-26 00:00:00,NE,0.0
792,2020-05-03 00:00:00,NE,0.0
793,2020-05-10 00:00:00,NE,0.0
794,2020-05-17 00:00:00,NE,0.0
795,2020-05-24 00:00:00,NE,0.0
796,2020-05-31 00:00:00,NE,0.0
797,2020-06-07 00:00:00,NE,2.0
798,2020-06-14 00:00:00,NE,10.0
799,2020-06-21 00:00:00,NE,25.0
800,2020-06-28 00:00:00,NE,21.0
801,2020-07-05 00:00:00,NE,20.0
802,2020-07-12 00:00:00,NE,14.0
803,2020-07-19 00:00:00,NE,26.0
804,2020-07-26 00:00:00,NE,43.0
805,2020-08-02 00:00:00,NE,50.0
806,2020-08-09 00:00:00,NE,48.0
807,2020-08-16 00:00:00,NE,204.0
808,2020-08-23 00:00:00,NE,179.0
809,2020-08-30 00:00:00,NE,215.0
810,2020-03-01 00:00:00,NH,
811,2020-03-08 00:00:00,NH,
812,2020-03-15 00:00:00,NH,
813,2020-03-22 00:00:00,NH,
814,2020-03-29 00:00:00,NH,
815,2020-04-05 00:00:00,NH,0.0
816,2020-04-12 00:00:00,NH,0.0
817,2020-04-19 00:00:00,NH,0.0
818,2020-04-26 00:00:00,NH,0.0
819,2020-05-03 00:00:00,NH,0.0
820,2020-05-10 00:00:00,NH,0.0
821,2020-05-17 00:00:00,NH,0.0
822,2020-05-24 00:00:00,NH,0.0
823,2020-05-31 00:00:00,NH,0.0
824,2020-06-07 00:00:00,NH,0.0
825,2020-06-14 00:00:00,NH,0.0
826,2020-06-21 00:00:00,NH,0.0
827,2020-06-28 00:00:00,NH,0.0
828,2020-07-05 00:00:00,NH,0.0
829,2020-07-12 00:00:00,NH,0.0
830,2020-07-19 00:00:00,NH,49.0
831,2020-07-26 00:00:00,NH,153.0
832,2020-08-02 00:00:00,NH,160.0
833,2020-08-09 00:00:00,NH,109.0
834,2020-08-16 00:00:00,NH,133.0
835,2020-08-23 00:00:00,NH,275.0
836,2020-08-30 00:00:00,NH,364.0
837,2020-03-01 00:00:00,NJ,
838,2020-03-08 00:00:00,NJ,
839,2020-03-15 00:00:00,NJ,0.0
840,2020-03-22 00:00:00,NJ,0.0
841,2020-03-29 00:00:00,NJ,0.0
842,2020-04-05 00:00:00,NJ,0.0
843,2020-04-12 00:00:00,NJ,0.0
844,2020-04-19 00:00:00,NJ,0.0
845,2020-04-26 00:00:00,NJ,0.0
846,2020-05-03 00:00:00,NJ,0.0
847,2020-05-10 00:00:00,NJ,0.0
848,2020-05-17 00:00:00,NJ,0.0
849,2020-05-24 00:00:00,NJ,0.0
850,2020-05-31 00:00:00,NJ,0.0
851,2020-06-07 00:00:00,NJ,0.0
852,2020-06-14 00:00:00,NJ,0.0
853,2020-06-21 00:00:00,NJ,0.0
854,2020-06-28 00:00:00,NJ,0.0
855,2020-07-05 00:00:00,NJ,0.0
856,2020-07-12 00:00:00,NJ,0.0
857,2020-07-19 00:00:00,NJ,681.0
858,2020-07-26 00:00:00,NJ,1448.0
859,2020-08-02 00:00:00,NJ,1406.0
860,2020-08-09 00:00:00,NJ,474.0
861,2020-08-16 00:00:00,NJ,471.0
862,2020-08-23 00:00:00,NJ,1147.0
863,2020-08-30 00:00:00,NJ,1187.0
864,2020-03-01 00:00:00,NM,
865,2020-03-08 00:00:00,NM,
866,2020-03-15 00:00:00,NM,
867,2020-03-22 00:00:00,NM,0.0
868,2020-03-29 00:00:00,NM,0.0
869,2020-04-05 00:00:00,NM,0.0
870,2020-04-12 00:00:00,NM,0.0
871,2020-04-19 00:00:00,NM,0.0
872,2020-04-26 00:00:00,NM,0.0
873,2020-05-03 00:00:00,NM,0.0
874,2020-05-10 00:00:00,NM,0.0
875,2020-05-17 00:00:00,NM,0.0
876,2020-05-24 00:00:00,NM,0.0
877,2020-05-31 00:00:00,NM,0.0
878,2020-06-07 00:00:00,NM,0.0
879,2020-06-14 00:00:00,NM,0.0
880,2020-06-21 00:00:00,NM,0.0
881,2020-06-28 00:00:00,NM,0.0
882,2020-07-05 00:00:00,NM,0.0
883,2020-07-12 00:00:00,NM,0.0
884,2020-07-19 00:00:00,NM,138.0
885,2020-07-26 00:00:00,NM,237.0
886,2020-08-02 00:00:00,NM,178.0
887,2020-08-09 00:00:00,NM,180.0
888,2020-08-16 00:00:00,NM,204.0
889,2020-08-23 00:00:00,NM,283.0
890,2020-08-30 00:00:00,NM,422.0
891,2020-03-01 00:00:00,NV,
892,2020-03-08 00:00:00,NV,
893,2020-03-15 00:00:00,NV,0.0
894,2020-03-22 00:00:00,NV,0.0
895,2020-03-29 00:00:00,NV,0.0
896,2020-04-05 00:00:00,NV,0.0
897,2020-04-12 00:00:00,NV,0.0
898,2020-04-19 00:00:00,NV,0.0
899,2020-04-26 00:00:00,NV,0.0
900,2020-05-03 00:00:00,NV,0.0
901,2020-05-10 00:00:00,NV,0.0
902,2020-05-17 00:00:00,NV,0.0
903,2020-05-24 00:00:00,NV,0.0
904,2020-05-31 00:00:00,NV,0.0
905,2020-06-07 00:00:00,NV,0.0
906,2020-06-14 00:00:00,NV,0.0
907,2020-06-21 00:00:00,NV,0.0
908,2020-06-28 00:00:00,NV,0.0
909,2020-07-05 00:00:00,NV,0.0
910,2020-07-12 00:00:00,NV,0.0
911,2020-07-19 00:00:00,NV,31.0
912,2020-07-26 00:00:00,NV,69.0
913,2020-08-02 00:00:00,NV,527.0
914,2020-08-09 00:00:00,NV,1301.0
915,2020-08-16 00:00:00,NV,1143.0
916,2020-08-23 00:00:00,NV,1050.0
917,2020-08-30 00:00:00,NV,935.0
918,2020-03-01 00:00:00,NY,
919,2020-03-08 00:00:00,NY,
920,2020-03-15 00:00:00,NY,
921,2020-03-22 00:00:00,NY,0.0
922,2020-03-29 00:00:00,NY,0.0
923,2020-04-05 00:00:00,NY,0.0
924,2020-04-12 00:00:00,NY,0.0
925,2020-04-19 00:00:00,NY,0.0
926,2020-04-26 00:00:00,NY,2.0
927,2020-05-03 00:00:00,NY,2.0
928,2020-05-10 00:00:00,NY,3.0
929,2020-05-17 00:00:00,NY,4.0
930,2020-05-24 00:00:00,NY,12.0
931,2020-05-31 00:00:00,NY,11.0
932,2020-06-07 00:00:00,NY,13.0
933,2020-06-14 00:00:00,NY,10.0
934,2020-06-21 00:00:00,NY,10.0
935,2020-06-28 00:00:00,NY,4.0
936,2020-07-05 00:00:00,NY,7.0
937,2020-07-12 00:00:00,NY,2.0
938,2020-07-19 00:00:00,NY,701.0
939,2020-07-26 00:00:00,NY,2002.0
940,2020-08-02 00:00:00,NY,3268.0
941,2020-08-09 00:00:00,NY,2079.0
942,2020-08-16 00:00:00,NY,1858.0
943,2020-08-23 00:00:00,NY,2304.0
944,2020-08-30 00:00:00,NY,2119.0
945,2020-03-01 00:00:00,OH,
946,2020-03-08 00:00:00,OH,
947,2020-03-15 00:00:00,OH,0.0
948,2020-03-22 00:00:00,OH,0.0
949,2020-03-29 00:00:00,OH,0.0
950,2020-04-05 00:00:00,OH,0.0
951,2020-04-12 00:00:00,OH,0.0
952,2020-04-19 00:00:00,OH,0.0
953,2020-04-26 00:00:00,OH,0.0
954,2020-05-03 00:00:00,OH,0.0
955,2020-05-10 00:00:00,OH,0.0
956,2020-05-17 00:00:00,OH,0.0
957,2020-05-24 00:00:00,OH,0.0
958,2020-05-31 00:00:00,OH,0.0
959,2020-06-07 00:00:00,OH,0.0
960,2020-06-14 00:00:00,OH,0.0
961,2020-06-21 00:00:00,OH,0.0
962,2020-06-28 00:00:00,OH,0.0
963,2020-07-05 00:00:00,OH,0.0
964,2020-07-12 00:00:00,OH,0.0
965,2020-07-19 00:00:00,OH,1426.0
966,2020-07-26 00:00:00,OH,2948.0
967,2020-08-02 00:00:00,OH,2436.0
968,2020-08-09 00:00:00,OH,1528.0
969,2020-08-16 00:00:00,OH,1892.0
970,2020-08-23 00:00:00,OH,3077.0
971,2020-08-30 00:00:00,OH,2974.0
972,2020-03-01 00:00:00,OK,
973,2020-03-08 00:00:00,OK,
974,2020-03-15 00:00:00,OK,0.0
975,2020-03-22 00:00:00,OK,0.0
976,2020-03-29 00:00:00,OK,0.0
977,2020-04-05 00:00:00,OK,0.0
978,2020-04-12 00:00:00,OK,0.0
979,2020-04-19 00:00:00,OK,0.0
980,2020-04-26 00:00:00,OK,0.0
981,2020-05-03 00:00:00,OK,0.0
982,2020-05-10 00:00:00,OK,0.0
983,2020-05-17 00:00:00,OK,0.0
984,2020-05-24 00:00:00,OK,0.0
985,2020-05-31 00:00:00,OK,0.0
986,2020-06-07 00:00:00,OK,0.0
987,2020-06-14 00:00:00,OK,0.0
988,2020-06-21 00:00:00,OK,0.0
989,2020-06-28 00:00:00,OK,0.0
990,2020-07-05 00:00:00,OK,0.0
991,2020-07-12 00:00:00,OK,0.0
992,2020-07-19 00:00:00,OK,376.0
993,2020-07-26 00:00:00,OK,814.0
994,2020-08-02 00:00:00,OK,790.0
995,2020-08-09 00:00:00,OK,722.0
996,2020-08-16 00:00:00,OK,967.0
997,2020-08-23 00:00:00,OK,1030.0
998,2020-08-30 00:00:00,OK,1017.0
999,2020-03-01 00:00:00,OR,
1000,2020-03-08 00:00:00,OR,
1001,2020-03-15 00:00:00,OR,0.0
1002,2020-03-22 00:00:00,OR,0.0
1003,2020-03-29 00:00:00,OR,0.0
1004,2020-04-05 00:00:00,OR,0.0
1005,2020-04-12 00:00:00,OR,0.0
1006,2020-04-19 00:00:00,OR,0.0
1007,2020-04-26 00:00:00,OR,0.0
1008,2020-05-03 00:00:00,OR,0.0
1009,2020-05-10 00:00:00,OR,0.0
1010,2020-05-17 00:00:00,OR,0.0
1011,2020-05-24 00:00:00,OR,0.0
1012,2020-05-31 00:00:00,OR,0.0
1013,2020-06-07 00:00:00,OR,0.0
1014,2020-06-14 00:00:00,OR,0.0
1015,2020-06-21 00:00:00,OR,0.0
1016,2020-06-28 00:00:00,OR,0.0
1017,2020-07-05 00:00:00,OR,0.0
1018,2020-07-12 00:00:00,OR,0.0
1019,2020-07-19 00:00:00,OR,164.0
1020,2020-07-26 00:00:00,OR,509.0
1021,2020-08-02 00:00:00,OR,706.0
1022,2020-08-09 00:00:00,OR,782.0
1023,2020-08-16 00:00:00,OR,929.0
1024,2020-08-23 00:00:00,OR,694.0
1025,2020-08-30 00:00:00,OR,584.0
1026,2020-03-01 00:00:00,PA,
1027,2020-03-08 00:00:00,PA,
1028,2020-03-15 00:00:00,PA,0.0
1029,2020-03-22 00:00:00,PA,0.0
1030,2020-03-29 00:00:00,PA,0.0
1031,2020-04-05 00:00:00,PA,0.0
1032,2020-04-12 00:00:00,PA,0.0
1033,2020-04-19 00:00:00,PA,0.0
1034,2020-04-26 00:00:00,PA,0.0
1035,2020-05-03 00:00:00,PA,0.0
1036,2020-05-10 00:00:00,PA,0.0
1037,2020-05-17 00:00:00,PA,0.0
1038,2020-05-24 00:00:00,PA,0.0
1039,2020-05-31 00:00:00,PA,0.0
1040,2020-06-07 00:00:00,PA,0.0
1041,2020-06-14 00:00:00,PA,0.0
1042,2020-06-21 00:00:00,PA,0.0
1043,2020-06-28 00:00:00,PA,0.0
1044,2020-07-05 00:00:00,PA,0.0
1045,2020-07-12 00:00:00,PA,0.0
1046,2020-07-19 00:00:00,PA,776.0
1047,2020-07-26 00:00:00,PA,2193.0
1048,2020-08-02 00:00:00,PA,2799.0
1049,2020-08-09 00:00:00,PA,2767.0
1050,2020-08-16 00:00:00,PA,2321.0
1051,2020-08-23 00:00:00,PA,2454.0
1052,2020-08-30 00:00:00,PA,2566.0
1053,2020-03-01 00:00:00,RI,
1054,2020-03-08 00:00:00,RI,
1055,2020-03-15 00:00:00,RI,0.0
1056,2020-03-22 00:00:00,RI,0.0
1057,2020-03-29 00:00:00,RI,0.0
1058,2020-04-05 00:00:00,RI,0.0
1059,2020-04-12 00:00:00,RI,0.0
1060,2020-04-19 00:00:00,RI,0.0
1061,2020-04-26 00:00:00,RI,0.0
1062,2020-05-03 00:00:00,RI,0.0
1063,2020-05-10 00:00:00,RI,0.0
1064,2020-05-17 00:00:00,RI,0.0
1065,2020-05-24 00:00:00,RI,0.0
1066,2020-05-31 00:00:00,RI,0.0
1067,2020-06-07 00:00:00,RI,0.0
1068,2020-06-14 00:00:00,RI,0.0
1069,2020-06-21 00:00:00,RI,0.0
1070,2020-06-28 00:00:00,RI,0.0
1071,2020-07-05 00:00:00,RI,0.0
1072,2020-07-12 00:00:00,RI,0.0
1073,2020-07-19 00:00:00,RI,19.0
1074,2020-07-26 00:00:00,RI,157.0
1075,2020-08-02 00:00:00,RI,215.0
1076,2020-08-09 00:00:00,RI,55.0
1077,2020-08-16 00:00:00,RI,58.0
1078,2020-08-23 00:00:00,RI,42.0
1079,2020-08-30 00:00:00,RI,30.0
1080,2020-03-01 00:00:00,SC,
1081,2020-03-08 00:00:00,SC,
1082,2020-03-15 00:00:00,SC,0.0
1083,2020-03-22 00:00:00,SC,0.0
1084,2020-03-29 00:00:00,SC,0.0
1085,2020-04-05 00:00:00,SC,0.0
1086,2020-04-12 00:00:00,SC,0.0
1087,2020-04-19 00:00:00,SC,0.0
1088,2020-04-26 00:00:00,SC,0.0
1089,2020-05-03 00:00:00,SC,0.0
1090,2020-05-10 00:00:00,SC,0.0
1091,2020-05-17 00:00:00,SC,0.0
1092,2020-05-24 00:00:00,SC,0.0
1093,2020-05-31 00:00:00,SC,0.0
1094,2020-06-07 00:00:00,SC,0.0
1095,2020-06-14 00:00:00,SC,0.0
1096,2020-06-21 00:00:00,SC,0.0
1097,2020-06-28 00:00:00,SC,0.0
1098,2020-07-05 00:00:00,SC,0.0
1099,2020-07-12 00:00:00,SC,0.0
1100,2020-07-19 00:00:00,SC,644.0
1101,2020-07-26 00:00:00,SC,1338.0
1102,2020-08-02 00:00:00,SC,1634.0
1103,2020-08-09 00:00:00,SC,1441.0
1104,2020-08-16 00:00:00,SC,1069.0
1105,2020-08-23 00:00:00,SC,1024.0
1106,2020-08-30 00:00:00,SC,1073.0
1107,2020-03-01 00:00:00,SD,
1108,2020-03-08 00:00:00,SD,
1109,2020-03-15 00:00:00,SD,
1110,2020-03-22 00:00:00,SD,
1111,2020-03-29 00:00:00,SD,
1112,2020-04-05 00:00:00,SD,0.0
1113,2020-04-12 00:00:00,SD,0.0
1114,2020-04-19 00:00:00,SD,0.0
1115,2020-04-26 00:00:00,SD,0.0
1116,2020-05-03 00:00:00,SD,0.0
1117,2020-05-10 00:00:00,SD,0.0
1118,2020-05-17 00:00:00,SD,0.0
1119,2020-05-24 00:00:00,SD,0.0
1120,2020-05-31 00:00:00,SD,0.0
1121,2020-06-07 00:00:00,SD,0.0
1122,2020-06-14 00:00:00,SD,0.0
1123,2020-06-21 00:00:00,SD,0.0
1124,2020-06-28 00:00:00,SD,0.0
1125,2020-07-05 00:00:00,SD,0.0
1126,2020-07-12 00:00:00,SD,0.0
1127,2020-07-19 00:00:00,SD,56.0
1128,2020-07-26 00:00:00,SD,37.0
1129,2020-08-02 00:00:00,SD,48.0
1130,2020-08-09 00:00:00,SD,83.0
1131,2020-08-16 00:00:00,SD,102.0
1132,2020-08-23 00:00:00,SD,110.0
1133,2020-08-30 00:00:00,SD,150.0
1134,2020-03-01 00:00:00,TN,
1135,2020-03-08 00:00:00,TN,
1136,2020-03-15 00:00:00,TN,
1137,2020-03-22 00:00:00,TN,0.0
1138,2020-03-29 00:00:00,TN,0.0
1139,2020-04-05 00:00:00,TN,0.0
1140,2020-04-12 00:00:00,TN,0.0
1141,2020-04-19 00:00:00,TN,0.0
1142,2020-04-26 00:00:00,TN,0.0
1143,2020-05-03 00:00:00,TN,0.0
1144,2020-05-10 00:00:00,TN,0.0
1145,2020-05-17 00:00:00,TN,0.0
1146,2020-05-24 00:00:00,TN,0.0
1147,2020-05-31 00:00:00,TN,0.0
1148,2020-06-07 00:00:00,TN,0.0
1149,2020-06-14 00:00:00,TN,0.0
1150,2020-06-21 00:00:00,TN,0.0
1151,2020-06-28 00:00:00,TN,0.0
1152,2020-07-05 00:00:00,TN,0.0
1153,2020-07-12 00:00:00,TN,0.0
1154,2020-07-19 00:00:00,TN,1529.0
1155,2020-07-26 00:00:00,TN,2085.0
1156,2020-08-02 00:00:00,TN,2069.0
1157,2020-08-09 00:00:00,TN,2173.0
1158,2020-08-16 00:00:00,TN,1771.0
1159,2020-08-23 00:00:00,TN,1550.0
1160,2020-08-30 00:00:00,TN,1390.0
1161,2020-03-01 00:00:00,TX,
1162,2020-03-08 00:00:00,TX,
1163,2020-03-15 00:00:00,TX,0.0
1164,2020-03-22 00:00:00,TX,0.0
1165,2020-03-29 00:00:00,TX,0.0
1166,2020-04-05 00:00:00,TX,0.0
1167,2020-04-12 00:00:00,TX,0.0
1168,2020-04-19 00:00:00,TX,0.0
1169,2020-04-26 00:00:00,TX,0.0
1170,2020-05-03 00:00:00,TX,0.0
1171,2020-05-10 00:00:00,TX,0.0
1172,2020-05-17 00:00:00,TX,0.0
1173,2020-05-24 00:00:00,TX,0.0
1174,2020-05-31 00:00:00,TX,0.0
1175,2020-06-07 00:00:00,TX,0.0
1176,2020-06-14 00:00:00,TX,0.0
1177,2020-06-21 00:00:00,TX,0.0
1178,2020-06-28 00:00:00,TX,0.0
1179,2020-07-05 00:00:00,TX,0.0
1180,2020-07-12 00:00:00,TX,0.0
1181,2020-07-19 00:00:00,TX,5021.0
1182,2020-07-26 00:00:00,TX,7588.0
1183,2020-08-02 00:00:00,TX,9270.0
1184,2020-08-09 00:00:00,TX,9280.0
1185,2020-08-16 00:00:00,TX,8899.0
1186,2020-08-23 00:00:00,TX,8135.0
1187,2020-08-30 00:00:00,TX,7324.0
1188,2020-03-01 00:00:00,UT,
1189,2020-03-08 00:00:00,UT,
1190,2020-03-15 00:00:00,UT,
1191,2020-03-22 00:00:00,UT,0.0
1192,2020-03-29 00:00:00,UT,0.0
1193,2020-04-05 00:00:00,UT,0.0
1194,2020-04-12 00:00:00,UT,0.0
1195,2020-04-19 00:00:00,UT,0.0
1196,2020-04-26 00:00:00,UT,0.0
1197,2020-05-03 00:00:00,UT,0.0
1198,2020-05-10 00:00:00,UT,0.0
1199,2020-05-17 00:00:00,UT,0.0
1200,2020-05-24 00:00:00,UT,0.0
1201,2020-05-31 00:00:00,UT,0.0
1202,2020-06-07 00:00:00,UT,0.0
1203,2020-06-14 00:00:00,UT,0.0
1204,2020-06-21 00:00:00,UT,0.0
1205,2020-06-28 00:00:00,UT,0.0
1206,2020-07-05 00:00:00,UT,0.0
1207,2020-07-12 00:00:00,UT,0.0
1208,2020-07-19 00:00:00,UT,205.0
1209,2020-07-26 00:00:00,UT,198.0
1210,2020-08-02 00:00:00,UT,221.0
1211,2020-08-09 00:00:00,UT,334.0
1212,2020-08-16 00:00:00,UT,253.0
1213,2020-08-23 00:00:00,UT,213.0
1214,2020-08-30 00:00:00,UT,204.0
1215,2020-03-01 00:00:00,VA,
1216,2020-03-08 00:00:00,VA,
1217,2020-03-15 00:00:00,VA,0.0
1218,2020-03-22 00:00:00,VA,0.0
1219,2020-03-29 00:00:00,VA,0.0
1220,2020-04-05 00:00:00,VA,0.0
1221,2020-04-12 00:00:00,VA,0.0
1222,2020-04-19 00:00:00,VA,0.0
1223,2020-04-26 00:00:00,VA,0.0
1224,2020-05-03 00:00:00,VA,0.0
1225,2020-05-10 00:00:00,VA,0.0
1226,2020-05-17 00:00:00,VA,0.0
1227,2020-05-24 00:00:00,VA,0.0
1228,2020-05-31 00:00:00,VA,0.0
1229,2020-06-07 00:00:00,VA,0.0
1230,2020-06-14 00:00:00,VA,0.0
1231,2020-06-21 00:00:00,VA,0.0
1232,2020-06-28 00:00:00,VA,0.0
1233,2020-07-05 00:00:00,VA,0.0
1234,2020-07-12 00:00:00,VA,0.0
1235,2020-07-19 00:00:00,VA,604.0
1236,2020-07-26 00:00:00,VA,1125.0
1237,2020-08-02 00:00:00,VA,1111.0
1238,2020-08-09 00:00:00,VA,1511.0
1239,2020-08-16 00:00:00,VA,1784.0
1240,2020-08-23 00:00:00,VA,1426.0
1241,2020-08-30 00:00:00,VA,1365.0
1242,2020-03-01 00:00:00,VT,
1243,2020-03-08 00:00:00,VT,
1244,2020-03-15 00:00:00,VT,
1245,2020-03-22 00:00:00,VT,
1246,2020-03-29 00:00:00,VT,0.0
1247,2020-04-05 00:00:00,VT,0.0
1248,2020-04-12 00:00:00,VT,0.0
1249,2020-04-19 00:00:00,VT,0.0
1250,2020-04-26 00:00:00,VT,0.0
1251,2020-05-03 00:00:00,VT,0.0
1252,2020-05-10 00:00:00,VT,0.0
1253,2020-05-17 00:00:00,VT,0.0
1254,2020-05-24 00:00:00,VT,0.0
1255,2020-05-31 00:00:00,VT,0.0
1256,2020-06-07 00:00:00,VT,0.0
1257,2020-06-14 00:00:00,VT,0.0
1258,2020-06-21 00:00:00,VT,0.0
1259,2020-06-28 00:00:00,VT,0.0
1260,2020-07-05 00:00:00,VT,0.0
1261,2020-07-12 00:00:00,VT,0.0
1262,2020-07-19 00:00:00,VT,56.0
1263,2020-07-26 00:00:00,VT,170.0
1264,2020-08-02 00:00:00,VT,65.0
1265,2020-08-09 00:00:00,VT,39.0
1266,2020-08-16 00:00:00,VT,59.0
1267,2020-08-23 00:00:00,VT,77.0
1268,2020-08-30 00:00:00,VT,54.0
1269,2020-03-01 00:00:00,WA,
1270,2020-03-08 00:00:00,WA,
1271,2020-03-15 00:00:00,WA,0.0
1272,2020-03-22 00:00:00,WA,0.0
1273,2020-03-29 00:00:00,WA,0.0
1274,2020-04-05 00:00:00,WA,0.0
1275,2020-04-12 00:00:00,WA,0.0
1276,2020-04-19 00:00:00,WA,0.0
1277,2020-04-26 00:00:00,WA,0.0
1278,2020-05-03 00:00:00,WA,0.0
1279,2020-05-10 00:00:00,WA,0.0
1280,2020-05-17 00:00:00,WA,0.0
1281,2020-05-24 00:00:00,WA,0.0
1282,2020-05-31 00:00:00,WA,0.0
1283,2020-06-07 00:00:00,WA,0.0
1284,2020-06-14 00:00:00,WA,0.0
1285,2020-06-21 00:00:00,WA,0.0
1286,2020-06-28 00:00:00,WA,0.0
1287,2020-07-05 00:00:00,WA,0.0
1288,2020-07-12 00:00:00,WA,0.0
1289,2020-07-19 00:00:00,WA,225.0
1290,2020-07-26 00:00:00,WA,593.0
1291,2020-08-02 00:00:00,WA,699.0
1292,2020-08-09 00:00:00,WA,677.0
1293,2020-08-16 00:00:00,WA,814.0
1294,2020-08-23 00:00:00,WA,589.0
1295,2020-08-30 00:00:00,WA,659.0
1296,2020-03-01 00:00:00,WI,
1297,2020-03-08 00:00:00,WI,
1298,2020-03-15 00:00:00,WI,0.0
1299,2020-03-22 00:00:00,WI,0.0
1300,2020-03-29 00:00:00,WI,0.0
1301,2020-04-05 00:00:00,WI,0.0
1302,2020-04-12 00:00:00,WI,0.0
1303,2020-04-19 00:00:00,WI,0.0
1304,2020-04-26 00:00:00,WI,0.0
1305,2020-05-03 00:00:00,WI,0.0
1306,2020-05-10 00:00:00,WI,0.0
1307,2020-05-17 00:00:00,WI,0.0
1308,2020-05-24 00:00:00,WI,0.0
1309,2020-05-31 00:00:00,WI,0.0
1310,2020-06-07 00:00:00,WI,0.0
1311,2020-06-14 00:00:00,WI,0.0
1312,2020-06-21 00:00:00,WI,0.0
1313,2020-06-28 00:00:00,WI,0.0
1314,2020-07-05 00:00:00,WI,0.0
1315,2020-07-12 00:00:00,WI,0.0
1316,2020-07-19 00:00:00,WI,575.0
1317,2020-07-26 00:00:00,WI,592.0
1318,2020-08-02 00:00:00,WI,1004.0
1319,2020-08-09 00:00:00,WI,1460.0
1320,2020-08-16 00:00:00,WI,1210.0
1321,2020-08-23 00:00:00,WI,928.0
1322,2020-08-30 00:00:00,WI,840.0
1323,2020-03-01 00:00:00,WV,
1324,2020-03-08 00:00:00,WV,
1325,2020-03-15 00:00:00,WV,0.0
1326,2020-03-22 00:00:00,WV,0.0
1327,2020-03-29 00:00:00,WV,0.0
1328,2020-04-05 00:00:00,WV,0.0
1329,2020-04-12 00:00:00,WV,0.0
1330,2020-04-19 00:00:00,WV,0.0
1331,2020-04-26 00:00:00,WV,0.0
1332,2020-05-03 00:00:00,WV,0.0
1333,2020-05-10 00:00:00,WV,0.0
1334,2020-05-17 00:00:00,WV,0.0
1335,2020-05-24 00:00:00,WV,0.0
1336,2020-05-31 00:00:00,WV,0.0
1337,2020-06-07 00:00:00,WV,0.0
1338,2020-06-14 00:00:00,WV,0.0
1339,2020-06-21 00:00:00,WV,0.0
1340,2020-06-28 00:00:00,WV,0.0
1341,2020-07-05 00:00:00,WV,0.0
1342,2020-07-12 00:00:00,WV,0.0
1343,2020-07-19 00:00:00,WV,162.0
1344,2020-07-26 00:00:00,WV,352.0
1345,2020-08-02 00:00:00,WV,349.0
1346,2020-08-09 00:00:00,WV,352.0
1347,2020-08-16 00:00:00,WV,280.0
1348,2020-08-23 00:00:00,WV,304.0
1349,2020-08-30 00:00:00,WV,294.0
1350,2020-03-01 00:00:00,WY,
1351,2020-03-08 00:00:00,WY,
1352,2020-03-15 00:00:00,WY,0.0
1353,2020-03-22 00:00:00,WY,0.0
1354,2020-03-29 00:00:00,WY,0.0
1355,2020-04-05 00:00:00,WY,0.0
1356,2020-04-12 00:00:00,WY,0.0
1357,2020-04-19 00:00:00,WY,0.0
1358,2020-04-26 00:00:00,WY,0.0
1359,2020-05-03 00:00:00,WY,0.0
1360,2020-05-10 00:00:00,WY,0.0
1361,2020-05-17 00:00:00,WY,0.0
1362,2020-05-24 00:00:00,WY,0.0
1363,2020-05-31 00:00:00,WY,0.0
1364,2020-06-07 00:00:00,WY,0.0
1365,2020-06-14 00:00:00,WY,0.0
1366,2020-06-21 00:00:00,WY,0.0
1367,2020-06-28 00:00:00,WY,0.0
1368,2020-07-05 00:00:00,WY,0.0
1369,2020-07-12 00:00:00,WY,0.0
1370,2020-07-19 00:00:00,WY,15.0
1371,2020-07-26 00:00:00,WY,57.0
1372,2020-08-02 00:00:00,WY,131.0
1373,2020-08-09 00:00:00,WY,203.0
1374,2020-08-16 00:00:00,WY,171.0
1375,2020-08-23 00:00:00,WY,140.0
1376,2020-08-30 00:00:00,WY,131.0
1377,,AK,
